violent_pos_idx,violent_video,violent_label,violent_text,closest_nonviolent_pos_idx,closest_nonviolent_video,closest_nonviolent_text,similarity
191,Explosion046_x264,Explosion,"Many vehicles with lights on are passing by in the upper right corner of the screen. Many large trucks were parked on one side of the road. White smoke continued to emit from the vehicle, and flames continued to drip from the bottom of the vehicle. T...",95,Arson019_x264,"A man quickly came to a black car parked on the roadside The man quickly left the black car on the same route. At the same time, the black car began to burn and emit flames. There was a car passing by on the road some distance away from the burning c...",0.789211094379425
190,Explosion006_x264,Explosion,Many cars are driving on the horizontal road at the intersection. A car drove to a T-intersection. The car exploded. The car stopped. Some people around quickly ran to the car....,287,RoadAccidents060_x264,There are many cars driving at the intersection Two cars collided Two or three passers-by rushed to help...,0.6945227384567261
186,Explosion002_x264,Explosion,A man in blue is walking with something in his pocket. A tanker truck leaves the gas station. The man in blue and a man in blue and white walked to a black car to refuel. The man in blue took out the refueling gun from the fuel port of the black car....,89,Arson013_x264,A man in purple walked to the door of the house carrying a red gasoline barrel from a distance The man in purple ran away again carrying the bucket. A car passed by the roadside next to the house The man in purple came to the house with gasoline In a...,0.6867002248764038
188,Explosion004_x264,Explosion,"Two people wearing firefighting gear stood outside the door.  Flames erupted from the door. The two people outside the door ran away. A man came over, picked up the water gun on the ground and sprayed water into the door. A man came over and grabbed ...",95,Arson019_x264,"A man quickly came to a black car parked on the roadside The man quickly left the black car on the same route. At the same time, the black car began to burn and emit flames. There was a car passing by on the road some distance away from the burning c...",0.6408989429473877
141,Burglary021_x264,Burglary,"A truck drove backwards, and its rear directly hit the store door. The truck moves forward for a distance Two men got out of the car. Two men entered the store. Two men tried to lift a motorcycle onto a truck The man struggled to push the motorcycle ...",485,Stealing008_x264,"A white truck drove on the road outside a relatively empty parking lot and stopped at the entrance of the parking lot. The white truck tries to slowly back into the parking lot The white truck drove forward for a while, adjusted the angle, and then b...",0.6311268210411072
109,Assault014_x264,Assault,There is a black car parked on the side of the road. A man came out from the side and opened the car door remotely. The man went around to the car door and opened it to get in the car. There were four men approaching from a distance on the road not f...,494,Stealing017_x264,"A bald man in green clothes hugged a woman in purple clothes, and then the bald man kissed the woman in purple clothes The two people walked to the front of the black Audi car. The woman in purple pointed in the direction of the camera. A white car s...",0.6291711330413818
135,Burglary015_x264,Burglary,More than 10 people wearing clothes of different colors poured into the supermarket. Several black men in white clothes came in one after another Several people wearing clothes of different colors poured into the supermarket. People go to various she...,814,Normal_Videos135_x264,"In a large supermarket, there are many people shopping, and the supermarket shelves are filled with various products. A woman wearing a gray and red top pushed a shopping cart forward. A man in blue came forward to talk to her, and then the two separ...",0.6231685876846313
33,Abuse034_x264,Abuse,"Vehicles are driving normally on the road, a child is walking on the roadside, and a child appears crossing the road The child suddenly ran towards the road. At this time, a car happened to pass by. After the car passed by, the child ran over. 2 moto...",484,Stealing007_x264,"There are many vehicles passing by on the road, and four people are walking upwards A motorcycle carrying two people stopped in the middle of the road The man in blue got off the motorcycle, and the man in yellow moved to the driving seat A man weari...",0.6181796789169312
432,Shooting014_x264,Shooting,A man is talking to a woman The man got up and left The man stood up and held a knife against the woman’s back Man drawing with his finger and talking to a woman The woman gave the money to the man The woman took the money and closed the drawer Men a...,579,Normal_Videos_014_x264,The cashier collects the customer's money and puts it into the cash register The cashier takes out yellow coins from the cash register and gives change to the customer The customer left with the bag on the left side of the cashier Passing a supermark...,0.6168679594993591
189,Explosion005_x264,Explosion,There are many vehicles driving on the two-way road. A truck passed by. A burning tricycle hit the railing to the left.  A tricycle on fire burned after it was parked on the road. Two trucks stopped. A man stopped riding an electric bicycle. The elec...,334,RoadAccidents108_x264,"Many cars driving on the road There are two people crossing the road A car hit a tricycle, and then the car drove away Some people ran towards the overturned tricycle Many people ran to the middle of the road to help up the tricycle People run to the...",0.6016455888748169
366,Robbery032_x264,Robbery,A long-haired woman in white clothes is walking on the roadside Two motorcycles passed by on the road A black car passed by A motorcycle passed by A woman in orange clothes was walking on the roadside. She was grabbed by the hair by a man in yellow c...,788,Normal_Videos108_x264,"There are two rows of motorcycles parked on the ground, and there are several men sitting on the motorcycles on the right A man in white clothes and white trousers walked to the motorcycle at the end and put his arm around the man in black sitting on...",0.5958253741264343
53,Arrest018_x264,Arrest,"Two police cars are parked on the left side of the road. There are two people parked on the left side of the road walking in the middle of the road. There are many people moving on the roadside. A man ran out of a roadside shop, crossed the road and ...",556,Vandalism011_x264,"Three people were walking on the street. One of them was walking while looking at his mobile phone, and the other was running across the street. A man in black pants pushed three trash cans placed consecutively on the roadside to the ground. Man in b...",0.5925249457359314
436,Shooting019_x264,Shooting,Someone is walking in the distance in the dark night A man in black walked from the intersection to the distance A white car drove past in the distance A white car drove up in the distance A little black man is walking in the distance A small black c...,1114,Normal_Videos482_x264,"On a road, a man in white and a white car set off to the right at the same time. Then the man left the camera, the white car parked in the parking area, and a car passed by the road The camera turns to dark night, a man walks from the left to the rig...",0.5885066986083984
373,Robbery039_x264,Robbery,A masked man entered and took a white item from the counter The masked man took what the teller handed over The masked man opened the door and left...,503,Stealing026_x264,"A person with his face completely covered took something from his jacket pocket while approaching a white car, and then pried open the back door of the white car The masked man broke the rear window of the white car with his elbow, then reached in an...",0.5804640650749207
27,Abuse028_x264,Abuse,A gray-coated postman walked to the mailbox at the door and put the letter into the mailbox. The black dog lying on the ground rushed over. The postman took out a stick and beat it. The black dog barked at the man. The man Take out the stick from you...,494,Stealing017_x264,"A bald man in green clothes hugged a woman in purple clothes, and then the bald man kissed the woman in purple clothes The two people walked to the front of the black Audi car. The woman in purple pointed in the direction of the camera. A white car s...",0.5748571753501892
116,Assault022_x264,Assault,"In the circular parking lot, three men in black chased a man in white and then ran away. The man in white walked back, and a man came back to beat him and then ran away. A man in white got out of the car to help, but all the men in black ran away. Tw...",494,Stealing017_x264,"A bald man in green clothes hugged a woman in purple clothes, and then the bald man kissed the woman in purple clothes The two people walked to the front of the black Audi car. The woman in purple pointed in the direction of the camera. A white car s...",0.5746058225631714
98,Assault003_x264,Assault,"Two men stood at the door  About 5 or 6 people squeezed out from the door of the room, and the two quickly ran upstairs from the stairs. A strong man in a dark shirt blocked a man into the corner of the stairwell and beat him violently. The man cover...",494,Stealing017_x264,"A bald man in green clothes hugged a woman in purple clothes, and then the bald man kissed the woman in purple clothes The two people walked to the front of the black Audi car. The woman in purple pointed in the direction of the camera. A white car s...",0.5716159343719482
75,Arrest040_x264,Arrest,A white car stopped after hitting a street light. Multiple police cars parked behind the white car.  Several police officers got out of the police car and rushed to the white car.  Several policemen ran back to the police car....,255,RoadAccidents027_x264,"A white car collided with a police car, and a piece of the police car was knocked off There are many passing vehicles at the intersection and many pedestrians on the street...",0.5655400156974792
23,Abuse024_x264,Abuse,"A man was pushing a shopping cart in front of the shelves in the supermarket. He walked to the other side to look at it, then returned to the shopping cart, turned around and returned to the previous one. places to look A man dragged a woman out from...",494,Stealing017_x264,"A bald man in green clothes hugged a woman in purple clothes, and then the bald man kissed the woman in purple clothes The two people walked to the front of the black Audi car. The woman in purple pointed in the direction of the camera. A white car s...",0.5603825449943542
43,Arrest008_x264,Arrest,"A man wearing white clothes sitting in the driver's seat of a white car opened the door. A man in black is lying next to a white car. A woman in black opened the passenger door and got out of the car, opened the back door and sat in. The man in white...",494,Stealing017_x264,"A bald man in green clothes hugged a woman in purple clothes, and then the bald man kissed the woman in purple clothes The two people walked to the front of the black Audi car. The woman in purple pointed in the direction of the camera. A white car s...",0.5579198002815247
31,Abuse032_x264,Abuse,"There was a woman in floral clothes squatting beside the bed, lifting the head of a man in a blue top, using special force, and putting a pillow on his face, using special force. Put it on the back of his neck and press his head on the pillow The lon...",720,Normal_Videos026_x264,"In a back kitchen, a man wearing a red shirt and a black vest left the room, and then a man wearing white short sleeves also left the room. A woman wearing white short-sleeves and a red hat walked in. The woman walked to the sink to wash her hands. T...",0.5562930703163147
160,Burglary040_x264,Burglary,A silver-white car made a U-turn from across the road The car drove to the road in front of a house and stopped. A tall white man with short brown hair and a red shirt got out of the car. Walk to the door of the house and stop. The man left the porch...,774,Normal_Videos093_x264,"A man in black clothes and black pants walked from the inside of the house to the door. Beside the aisle are some desks, chairs and a couch A man wearing a dark blue shirt and blue jeans walked quickly down the stairs enclosed by glass inside the roo...",0.5552939772605896
111,Assault016_x264,Assault,"2 staff members were standing and talking in the office area inside the counter. A man forced his way into the office. The security guard tried his best to stop him, but failed. and tried to climb over the counter. A man walked inside and entered fro...",494,Stealing017_x264,"A bald man in green clothes hugged a woman in purple clothes, and then the bald man kissed the woman in purple clothes The two people walked to the front of the black Audi car. The woman in purple pointed in the direction of the camera. A white car s...",0.5529502034187317
441,Shooting024_x264,Shooting,Two peeping men rushed straight into the store Two people left on electric bikes A man wearing a blue helmet and gray clothes riding a blue electric bike drove into the distance and turned right There was a man wearing a pink shirt riding an electric...,997,Normal_Videos348_x264,"A number of vehicles were driving on a road. A man in white walked out of the alley and turned left. A man drove an electric car opposite him and passed by. He stopped by the road. , the man in white leaves the camera's sight  Two men riding electric...",0.5512505769729614
108,Assault013_x264,Assault,"In the restaurant, two women wanted to leave after finishing their meal, but they quickly returned as soon as they reached the door. Two thugs with sticks came in and beat people on sight, knocking the man next to the bar to the ground. Several other...",494,Stealing017_x264,"A bald man in green clothes hugged a woman in purple clothes, and then the bald man kissed the woman in purple clothes The two people walked to the front of the black Audi car. The woman in purple pointed in the direction of the camera. A white car s...",0.548103928565979
10,Abuse011_x264,Abuse,"A man faced a house at the corner of the stairs. He dragged the woman outside the door and pulled her hair. The woman lay on the ground. A man pushed the woman down the stairs on the first floor, and the woman tumbled down the stairs. The man on the ...",494,Stealing017_x264,"A bald man in green clothes hugged a woman in purple clothes, and then the bald man kissed the woman in purple clothes The two people walked to the front of the black Audi car. The woman in purple pointed in the direction of the camera. A white car s...",0.5424476265907288
55,Arrest020_x264,Arrest,"A man in black and a man in white were walking and talking with a policeman, followed by a policeman. Two policemen stopped at the intersection, and the black and white man walked forward across the road. Two police cars began to reverse, and the man...",556,Vandalism011_x264,"Three people were walking on the street. One of them was walking while looking at his mobile phone, and the other was running across the street. A man in black pants pushed three trash cans placed consecutively on the roadside to the ground. Man in b...",0.5418833494186401
187,Explosion003_x264,Explosion,Many cars are driving on the road. An explosion occurred in the white car. The vehicle behind the white car stopped. Two people got out of the white car....,700,Normal_Videos_913_x264,A white car drove past the highway Many white cars drove past in the distance...,0.54139244556427
19,Abuse020_x264,Abuse,"A man in a white shirt hit a woman sitting on the bed with his clothes. The woman covered her chest with her right hand, and the man immediately opened the door and went out. The man opened the door and came in, with the clothes still hanging on his ...",720,Normal_Videos026_x264,"In a back kitchen, a man wearing a red shirt and a black vest left the room, and then a man wearing white short sleeves also left the room. A woman wearing white short-sleeves and a red hat walked in. The woman walked to the sink to wash her hands. T...",0.5407215356826782
50,Arrest015_x264,Arrest,"Many vehicles are driving on the road. A police car chased a white truck. The white truck hit a police car. A policeman got out of a hit police car, and another policeman tried to enter the van through the car window. The white truck fled, and two po...",255,RoadAccidents027_x264,"A white car collided with a police car, and a piece of the police car was knocked off There are many passing vehicles at the intersection and many pedestrians on the street...",0.5375198125839233
96,Assault001_x264,Assault,"Three men were fighting. Two men knocked the other man over the flower bed and punched and kicked him repeatedly. A man who was beating someone stopped attacking, and the remaining man continued to punch and kick the man. A man in a white T-shirt cam...",494,Stealing017_x264,"A bald man in green clothes hugged a woman in purple clothes, and then the bald man kissed the woman in purple clothes The two people walked to the front of the black Audi car. The woman in purple pointed in the direction of the camera. A white car s...",0.537106454372406
101,Assault006_x264,Assault,"A black boy wearing a backpack and a white coat sneaked into the room. Climb onto a low wooden bed with a TV, and go to the counter to steal the items inside.  Someone appeared and the thief tried to leave the room quickly, but was twisted.  Six or s...",494,Stealing017_x264,"A bald man in green clothes hugged a woman in purple clothes, and then the bald man kissed the woman in purple clothes The two people walked to the front of the black Audi car. The woman in purple pointed in the direction of the camera. A white car s...",0.5356811881065369
119,Assault025_x264,Assault,"A group of people stood on one side of the road, forming a circle. A man wearing a white short-sleeved shirt attacked another man standing by the wall and ran away quickly. Another man in dark clothes continued to beat the injured man in front. The m...",494,Stealing017_x264,"A bald man in green clothes hugged a woman in purple clothes, and then the bald man kissed the woman in purple clothes The two people walked to the front of the black Audi car. The woman in purple pointed in the direction of the camera. A white car s...",0.5330960154533386
52,Arrest017_x264,Arrest,Two police cars crossed the lawn and came to another driveway. Many police cars chased a green car on the highway. The green car turned sharply and crossed the green grass between the two roads. The green car hit a car and a truck successively and st...,556,Vandalism011_x264,"Three people were walking on the street. One of them was walking while looking at his mobile phone, and the other was running across the street. A man in black pants pushed three trash cans placed consecutively on the roadside to the ground. Man in b...",0.5303483009338379
372,Robbery038_x264,Robbery,"A motorcycle carrying a man in yellow and a man in black drove over and then stopped.  Two people got out of the car with knives and controlled the man in blue and the man in white on the roadside respectively. The man in blue resisted, and another m...",483,Stealing006_x264,There are many cars and motorcycles traveling in opposite directions on the road A motorcycle carrying two people stopped behind a white car. The person on the back seat of the motorcycle got off the motorcycle and stood aside. The man in brown cloth...,0.5297052264213562
365,Robbery031_x264,Robbery,A motorcycle passed by Two women walked to the door and a motorcycle stopped. A man took away two women’s backpacks with a knife The man got in the car and left the two women entering the door...,1023,Normal_Videos377_x264,"A deserted street, with walls and railings on one side, the door of a house on the other side, and a motorcycle parked next to the door A woman wearing a green floral top rode a motorcycle to the door of the house and stopped. There were multiple pla...",0.5279529690742493
17,Abuse018_x264,Abuse," Vehicles were coming and going on the street. A man wearing a black and red shirt and black pants walked to the front of the brown door. There was a brown trash can in the corner in front of the door, and there was a brown trash can next to it. The ...",556,Vandalism011_x264,"Three people were walking on the street. One of them was walking while looking at his mobile phone, and the other was running across the street. A man in black pants pushed three trash cans placed consecutively on the roadside to the ground. Man in b...",0.5277082920074463
360,Robbery026_x264,Robbery," In the picture, a woman in black and a man in a red short-sleeved shirt are talking to two men at the counter. The woman in black and the man in red shirt took something and turned around to leave. The man sitting on the chair at the door said somet...",628,Normal_Videos_597_x264,A man moved from the left side of the counter to the right side and then paced back and forth The man in blue clothes approached the man from the left side of the counter Two people are talking The man in red clothes walked from the house to the fron...,0.5274434685707092
14,Abuse015_x264,Abuse,There are three men wearing black clothes and gray jeans. In front of them there is a man wearing black clothes and black trousers sitting against the wall. Next to him is a man wearing black clothes with upper body and lower body. A man in gray trou...,556,Vandalism011_x264,"Three people were walking on the street. One of them was walking while looking at his mobile phone, and the other was running across the street. A man in black pants pushed three trash cans placed consecutively on the roadside to the ground. Man in b...",0.5273154377937317
51,Arrest016_x264,Arrest,A policeman got out of the police car and walked to a man in white. Police talking to the man in white. The man in white walked away while communicating with the police. The policeman took out his pistol. The man in white ran with a flag and threw it...,556,Vandalism011_x264,"Three people were walking on the street. One of them was walking while looking at his mobile phone, and the other was running across the street. A man in black pants pushed three trash cans placed consecutively on the roadside to the ground. Man in b...",0.5270041227340698
449,Shooting032_x264,Shooting,The end of the street is a T-intersection with many vehicles passing through A girl in pink clothes walked into the house on the side of the street A woman wearing a white top and black shorts came from the intersection A woman wearing a white top an...,796,Normal_Videos116_x264,"There are white cars and red cars parked on the side of the road. A white car, a silver car, and a motorcycle passed by one after another. A woman wearing a white top, black pants and a green bag is walking on the road A red car passed by the woman. ...",0.5269314050674438
206,Fighting016_x264,Fighting,A man in black and wearing a hat is threatening with a hammer in the store A man in black and wearing a hat is holding the door A man in black and a hat holding an ax was thrown to the ground by the man in black who rushed out from below and crushed ...,494,Stealing017_x264,"A bald man in green clothes hugged a woman in purple clothes, and then the bald man kissed the woman in purple clothes The two people walked to the front of the black Audi car. The woman in purple pointed in the direction of the camera. A white car s...",0.5258540511131287
163,Burglary043_x264,Burglary,"An African-American man wearing a white hooded jacket and gray trousers looked in at the door of the house. African man looked around at the door of the house, The man forced the door open The man entered the house...",613,Normal_Videos_251_x264,A black man and an Asian man entered the house one after another An old man in white clothes passed by the door...,0.522930920124054
217,Fighting027_x264,Fighting,Two men in white and a man in black had a dispute and walked out of the screen  Several motorcycles drove past and several people stood on the street Three men came out from the upper right corner and gathered to talk. A few people stood scattered on...,494,Stealing017_x264,"A bald man in green clothes hugged a woman in purple clothes, and then the bald man kissed the woman in purple clothes The two people walked to the front of the black Audi car. The woman in purple pointed in the direction of the camera. A white car s...",0.5219961404800415
68,Arrest033_x264,Arrest,"A group of policemen dragged a man in red out of the gate. A man in red fell to the ground after entering the door. A group of policemen dragged the man into the room.  Six policemen pressed on the man in red, searching for something. The police left...",556,Vandalism011_x264,"Three people were walking on the street. One of them was walking while looking at his mobile phone, and the other was running across the street. A man in black pants pushed three trash cans placed consecutively on the roadside to the ground. Man in b...",0.5214741230010986
384,Robbery050_x264,Robbery,"A white car came and stopped on the road A man in a striped shirt ran out from behind the white car, grabbed something from the car and then went around to the other side. A man in red ran out from behind the white car and threatened the man in the c...",494,Stealing017_x264,"A bald man in green clothes hugged a woman in purple clothes, and then the bald man kissed the woman in purple clothes The two people walked to the front of the black Audi car. The woman in purple pointed in the direction of the camera. A white car s...",0.5212034583091736
410,Robbery076_x264,Robbery,"A woman in blue is walking on the street. A motorcycle drove up opposite the woman and brought a man with him, who walked up to her. The man on the motorcycle took off the jewelry on the woman’s face from behind The woman stood in place...",484,Stealing007_x264,"There are many vehicles passing by on the road, and four people are walking upwards A motorcycle carrying two people stopped in the middle of the road The man in blue got off the motorcycle, and the man in yellow moved to the driving seat A man weari...",0.5212029218673706
0,Abuse001_x264,Abuse,"A woman with short hair, slightly fat, wearing a white top and black pants stood in front of the table, picked up a book from the table, and opened it to read A man wearing a white shirt and black pants entered the house and walked towards the short-...",720,Normal_Videos026_x264,"In a back kitchen, a man wearing a red shirt and a black vest left the room, and then a man wearing white short sleeves also left the room. A woman wearing white short-sleeves and a red hat walked in. The woman walked to the sink to wash her hands. T...",0.5208131074905396
201,Fighting011_x264,Fighting,Three men lying on the ground and three men sitting on chairs The man in black on the right sat up and adjusted his clothes The man in black lay down and above him a man in white striped clothes came and talked. The man in white striped clothes stand...,494,Stealing017_x264,"A bald man in green clothes hugged a woman in purple clothes, and then the bald man kissed the woman in purple clothes The two people walked to the front of the black Audi car. The woman in purple pointed in the direction of the camera. A white car s...",0.5207958221435547
56,Arrest021_x264,Arrest,A man walked into the room. A woman in red is sitting at the table writing something. On her left is a woman in blue holding something in her hand and a child. On her right are two policemen recording something. Opposite is a blue The woman in clothe...,556,Vandalism011_x264,"Three people were walking on the street. One of them was walking while looking at his mobile phone, and the other was running across the street. A man in black pants pushed three trash cans placed consecutively on the roadside to the ground. Man in b...",0.5206288695335388
77,Arrest042_x264,Arrest,A woman is walking on the road. A shirtless man came out of the door and walked forward with an object in his hand. The woman stopped and looked at the man. Three policemen came out of the door and followed the man with guns in their hands. The man w...,556,Vandalism011_x264,"Three people were walking on the street. One of them was walking while looking at his mobile phone, and the other was running across the street. A man in black pants pushed three trash cans placed consecutively on the roadside to the ground. Man in b...",0.5205370783805847
72,Arrest037_x264,Arrest,A black car and a motorcycle passed by on the road. A motorcycle with two men on it turned to the door of the police station. The person on the back seat of the motorcycle got off the car and ran outside. Two policemen and two other men came out of t...,237,RoadAccidents009_x264,A black car hit a group of bicycles A police car turned to the other side of the road and stopped  Six people in black clothes are riding bicycles A man in black is riding a bicycle chasing a gray car that hits someone Two men in black walked to the ...,0.5192992091178894
198,Fighting008_x264,Fighting,Three people came here on motorcycles and walked out of the left side of the screen  Several people on motorcycles parked on the road one after another People came from the right side and gathered around to the left side of the screen A man in blue r...,487,Stealing010_x264,"Many vehicles are driving on the road and many people are walking around A man in white walked to a white car and then walked away A motorcycle stopped behind the car, and a man in a floral shirt passed by the white car A man in white walked past the...",0.5180656909942627
353,Robbery019_x264,Robbery,There are three men sitting at the counter communicating. Suddenly a masked man with a gun broke in and stepped on the counter. The man beat and restrained a man at the counter. A man with a gun and a scarf entered the house and held three people hos...,494,Stealing017_x264,"A bald man in green clothes hugged a woman in purple clothes, and then the bald man kissed the woman in purple clothes The two people walked to the front of the black Audi car. The woman in purple pointed in the direction of the camera. A white car s...",0.5175486207008362
59,Arrest024_x264,Arrest,A large number of vehicles are driving on the road. A black car is chasing a white car. The white car stopped. A man in white opened the passenger door and came out and crawled forward for a distance before stopping. The black car parked behind the w...,556,Vandalism011_x264,"Three people were walking on the street. One of them was walking while looking at his mobile phone, and the other was running across the street. A man in black pants pushed three trash cans placed consecutively on the roadside to the ground. Man in b...",0.5147383213043213
57,Arrest022_x264,Arrest,A woman is walking on the road. A shirtless man came out of the door and walked forward with an object in his hand. The woman stopped and looked at the man. Three policemen came out of the door and followed the man with guns in their hands. The man w...,556,Vandalism011_x264,"Three people were walking on the street. One of them was walking while looking at his mobile phone, and the other was running across the street. A man in black pants pushed three trash cans placed consecutively on the roadside to the ground. Man in b...",0.5143929719924927
174,Burglary054_x264,Burglary,A man in white walked to the bedside cabinet in the small bedroom The man in white was rummaging around in the bedside cabinet in the small bedroom for items. The man quickly left. What video is playing on TV?...,837,Normal_Videos165_x264,"In a corridor, a man in white walks out from the depth of the video to the right side of the video....",0.513789176940918
22,Abuse023_x264,Abuse,"The woman in a blue top is watching the situation outside at the door. A woman with yellow hair pushed the door in. The woman was hit hard against the wall by the door, and the woman with yellow hair quickly pushed her to the corner. The woman in the...",494,Stealing017_x264,"A bald man in green clothes hugged a woman in purple clothes, and then the bald man kissed the woman in purple clothes The two people walked to the front of the black Audi car. The woman in purple pointed in the direction of the camera. A white car s...",0.5125461220741272
213,Fighting023_x264,Fighting,"A man in black wearing a white hat and holding a shopping bag tried to open the door and leave The security guard in white rushed over and pressed the man in black against the wall The security guard in white grabbed the man in black by the collar, a...",466,Shoplifting019_x264,"A man wearing two hats suddenly took away a box of things on the counter and ran out; a man with a white beard at the counter immediately went to grab it, but didn't get it. The man wearing two hats ran out; taking advantage of the chaos, the man wea...",0.5121419429779053
374,Robbery040_x264,Robbery,A man in blue and white hat entered and stood at the counter The man in blue and white hat reached into the counter and took away the things and left the door...,1139,Normal_Videos508_x264,"In front of a shop, a man in a blue hat appears on the lower side of the screen and walks towards the counter on the right to pack things. The man in the blue hat handed the thing to the woman standing at the counter on the left. The man in the blue ...",0.5119186639785767
54,Arrest019_x264,Arrest,"Many vehicles are driving on the road. Two policemen drove a motorcycle and parked next to a green taxi. A policeman ran to the green taxi from the left and wanted to open the door. The green taxi reversed and turned left to escape, with the police c...",237,RoadAccidents009_x264,A black car hit a group of bicycles A police car turned to the other side of the road and stopped  Six people in black clothes are riding bicycles A man in black is riding a bicycle chasing a gray car that hits someone Two men in black walked to the ...,0.5109490156173706
424,Shooting006_x264,Shooting,"The man in the white T-shirt walks to the counter The female clerk took out a long package and put it on the counter The man picked up the package, checked it and put it back on the counter The man in white T-shirt looked at the counter without buyin...",589,Normal_Videos_042_x264,Two cashiers in white shirts are communicating with customers There are two cashiers talking to each other nearby. The female cashier wearing a hat nearby is talking to the fat lady opposite The cashier brought something to a customer in a white T-sh...,0.5096622705459595
62,Arrest027_x264,Arrest,"Many cars are driving on the highway. A black car drove quickly on the isolation belt, followed by a police car. The black car knocked down several roadblocks on the unrepaired side road. The black car rushed onto the side road and sped away....",701,Normal_Videos_914_x264,A white car drove past on the highway Many white cars drove past in the distance...,0.5093685388565063
214,Fighting024_x264,Fighting,"The man in the orange shirt grabbed the man in the white shirt, and the man in the white shirt broke free The man in the orange shirt raised the chair and pushed it towards the man in the white shirt The man in the white shirt took out a knife and sw...",494,Stealing017_x264,"A bald man in green clothes hugged a woman in purple clothes, and then the bald man kissed the woman in purple clothes The two people walked to the front of the black Audi car. The woman in purple pointed in the direction of the camera. A white car s...",0.5069624185562134
5,Abuse006_x264,Abuse,"A police car drove into a grassy field A man wearing a black cotton top and black pants also entered the grassland beside the police car. The police car stopped, and two police officers got out of the driver's seat and the passenger's seat respective...",556,Vandalism011_x264,"Three people were walking on the street. One of them was walking while looking at his mobile phone, and the other was running across the street. A man in black pants pushed three trash cans placed consecutively on the roadside to the ground. Man in b...",0.5061594247817993
58,Arrest023_x264,Arrest,"Two men in black and a man in red chased a man in white. The man in white was pulled down by the man in red, and then he was pushed to the ground, beaten and subdued by the man in red and the two men in black who came over. A man in blue came out of ...",494,Stealing017_x264,"A bald man in green clothes hugged a woman in purple clothes, and then the bald man kissed the woman in purple clothes The two people walked to the front of the black Audi car. The woman in purple pointed in the direction of the camera. A white car s...",0.5031876564025879
112,Assault017_x264,Assault,"A man came to a black car, opened the small door on the fence and looked out. A man walked from the road and tried to enter the small door. The man inside the door blocked him. Another man ran over. The two broke into the small door together and push...",494,Stealing017_x264,"A bald man in green clothes hugged a woman in purple clothes, and then the bald man kissed the woman in purple clothes The two people walked to the front of the black Audi car. The woman in purple pointed in the direction of the camera. A white car s...",0.5027955770492554
395,Robbery061_x264,Robbery,"A man in blue is standing in the store A man in gray came from the side The man in gray beat the man in blue, and then threw a bag to the man in blue. The man in gray forced the man in blue to the corner and slapped him The man in gray continues to a...",494,Stealing017_x264,"A bald man in green clothes hugged a woman in purple clothes, and then the bald man kissed the woman in purple clothes The two people walked to the front of the black Audi car. The woman in purple pointed in the direction of the camera. A white car s...",0.5020458698272705
115,Assault020_x264,Assault," Four people were standing together on the road. Suddenly, a man in a white T-shirt suddenly pushed and hit another man in black, and then quickly fled. The man in white ran and shouted in the direction of other people. The beaten man covered his hea...",494,Stealing017_x264,"A bald man in green clothes hugged a woman in purple clothes, and then the bald man kissed the woman in purple clothes The two people walked to the front of the black Audi car. The woman in purple pointed in the direction of the camera. A white car s...",0.5007588267326355
1,Abuse002_x264,Abuse,"At an intersection with smooth traffic, the green light is on, and the vehicles on the opposite side drive out at the same time. There are many white cars and many passers-by on bicycles and electric vehicles. The first car in the middle lane on the ...",294,RoadAccidents068_x264,"People walking on the road A child was knocked down and crushed by a white car. People walked over and picked up the child. After a blue battery car arrived, people came to the child People put children in cars...",0.49800825119018555
118,Assault024_x264,Assault,"There was a group of people on the empty field. Suddenly a man in a gray coat came over and beat a man in white.  Several people came over to help and tried to hold down the man in gray, but failed to stop him. The man in gray still hugged the man in...",494,Stealing017_x264,"A bald man in green clothes hugged a woman in purple clothes, and then the bald man kissed the woman in purple clothes The two people walked to the front of the black Audi car. The woman in purple pointed in the direction of the camera. A white car s...",0.4972241222858429
106,Assault011_x264,Assault,"Three men beat a man with sticks until someone came out to break up the fight. The man with the stick continued to beat the man, and then ran away.  More than 10 men came one after another to check on the injured man....",494,Stealing017_x264,"A bald man in green clothes hugged a woman in purple clothes, and then the bald man kissed the woman in purple clothes The two people walked to the front of the black Audi car. The woman in purple pointed in the direction of the camera. A white car s...",0.49683618545532227
35,Abuse036_x264,Abuse," started to introduce herself, and a woman in a black coat walked over from behind her. Two people wearing blue and white shirts covered an old man with a quilt. Two women lay on the bed to express condolences to the old man. After a while, a woman l...",890,Normal_Videos229_x264,"In a room, a man in blue and a man in black were talking, and a woman in pink was watching. The man in black raised his hand to express, and the man in blue took a step back The man in black raised his hand high, attracting the attention of the man i...",0.4962565302848816
136,Burglary016_x264,Burglary,A red car slowly poured into a field filled with more than a dozen green cars. Two men got out of the car and stopped at the edge of the field. One person squatted down and got in from a certain entrance; The other man turned around and opened the tr...,1051,Normal_Videos406_x264,A warehouse with many long boxes is parked with a small truck moving goods. A small car carrying goods drives from one side to the other...,0.49624839425086975
100,Assault005_x264,Assault,"Five men walked into a yard A group of people came out, crowded together, struggled and walked out  The person who was beaten was pushed to the ground and surrounded and beaten by five assailants. The person who was beaten also continued to resist an...",494,Stealing017_x264,"A bald man in green clothes hugged a woman in purple clothes, and then the bald man kissed the woman in purple clothes The two people walked to the front of the black Audi car. The woman in purple pointed in the direction of the camera. A white car s...",0.4939386248588562
131,Burglary011_x264,Burglary,"A car reversed and hit the house The car reversed and hit the wall behind The two men then broke into the room, The two walked near the car and took a look The car moved and turned 45 degrees The two left the room immediately. 3 people ran into the r...",305,RoadAccidents079_x264,A group of people were hit by a white car The white car reverses and drives away...,0.49382996559143066
110,Assault015_x264,Assault,"In the small shop, the shopkeeper stood behind the counter. There were two customers, a woman and a man, both of whom were older. Suddenly the male customer hugged the female customer, covered her mouth with one hand, turned towards the checkout and ...",494,Stealing017_x264,"A bald man in green clothes hugged a woman in purple clothes, and then the bald man kissed the woman in purple clothes The two people walked to the front of the black Audi car. The woman in purple pointed in the direction of the camera. A white car s...",0.49380257725715637
207,Fighting017_x264,Fighting,Two men on the side of the road walked to the middle of the road The man in black took off his coat to reveal yellow short sleeves The man in gray on the left ran towards several people The man in yellow punches the man in blue  Six people beat each ...,494,Stealing017_x264,"A bald man in green clothes hugged a woman in purple clothes, and then the bald man kissed the woman in purple clothes The two people walked to the front of the black Audi car. The woman in purple pointed in the direction of the camera. A white car s...",0.49334514141082764
172,Burglary052_x264,Burglary,"A man with black hair and brown skin wearing a purple shirt and dark trousers came up from the corridor, followed by another man wearing a blue and white striped short-sleeved top and black trousers. The two people stopped in front of the door of a r...",500,Stealing023_x264,"A black car slowly drove from the road onto the sidewalk, and then slowly returned to its original position The black car slowly drove forward for a few steps, and then returned to its original position. The black car drove a few steps and then fell ...",0.49130910634994507
193,Fighting003_x264,Fighting,Pedestrians passing by on the platform A man in gray and a man in blue walked up A woman walked up to talk to another woman The two women walked to the pillar on the left A man in the center of the screen punched another man and was pushed to the lef...,494,Stealing017_x264,"A bald man in green clothes hugged a woman in purple clothes, and then the bald man kissed the woman in purple clothes The two people walked to the front of the black Audi car. The woman in purple pointed in the direction of the camera. A white car s...",0.4900816082954407
48,Arrest013_x264,Arrest,"A blue car drove to the intersection and stopped. A police car drove to the rear of the blue car. The blue car forced reverse and turned around and left. The police car reversed and turned around and left. Another police car stopped, reversed, turned...",318,RoadAccidents092_x264,"A blue car hit a black car parked on the roadside and then reversed The owner of the blue car and the owner of the black car got out of the car and both looked at their cars. The owner of the blue car looked at the back of the black car, hugged his h...",0.48986661434173584
345,Robbery011_x264,Robbery,"A man in black wearing a silver helmet walked into the counter. The two men and one woman at the counter stood up. The woman has long black hair and is wearing gray long sleeves, and the man is wearing a black top. Man wearing helmet talks face to fa...",494,Stealing017_x264,"A bald man in green clothes hugged a woman in purple clothes, and then the bald man kissed the woman in purple clothes The two people walked to the front of the black Audi car. The woman in purple pointed in the direction of the camera. A white car s...",0.4886947274208069
178,Burglary058_x264,Burglary,"A man wearing a white hoodie (dark sleeves) and blue jeans, holding a large blue handbag with red and white patterns in his right hand, kicked the lower left part of the glass door of the house, The man kicked in the glass door and got into the room ...",560,Vandalism015_x264,"A man in black clothes and a black hat walked to the door of a store with something in his hand. The door of the store was covered with glass. The man in the black hat looked towards the store for a while, then continued to walk along the sidewalk wh...",0.48860251903533936
228,Fighting038_x264,Fighting,"Two men in white quickly ran into the store The man in white wearing a hat punches and kicks another The man who was beaten stood up, and the two were eager to try. The beaten man attacked the man wearing a hat and then sat down on the ground The man...",494,Stealing017_x264,"A bald man in green clothes hugged a woman in purple clothes, and then the bald man kissed the woman in purple clothes The two people walked to the front of the black Audi car. The woman in purple pointed in the direction of the camera. A white car s...",0.48823899030685425
65,Arrest030_x264,Arrest,A man wearing a hat and a black and gray coat walked to the door while talking on the phone. A man in white walked to a window with a black bag in his hand. Another man in gray clothes and a hat holds a large piece of yellow cloth in his hand. The ma...,556,Vandalism011_x264,"Three people were walking on the street. One of them was walking while looking at his mobile phone, and the other was running across the street. A man in black pants pushed three trash cans placed consecutively on the roadside to the ground. Man in b...",0.4861448407173157
11,Abuse012_x264,Abuse,The five babies in the room were each lying in their own cribs. The baby under the window showed signs of waking up and began to turn over. A woman in a pink top walked up to the baby and beat the baby with her fists. The woman stopped beating the ba...,494,Stealing017_x264,"A bald man in green clothes hugged a woman in purple clothes, and then the bald man kissed the woman in purple clothes The two people walked to the front of the black Audi car. The woman in purple pointed in the direction of the camera. A white car s...",0.4859498143196106
40,Arrest005_x264,Arrest,A man wearing a blue T-shirt and hat was checking out at a supermarket checkout counter. A man in a black jacket with a hood on his head walked behind the man in blue and pushed him away. The man in blue took advantage of the hooded man's defenseless...,494,Stealing017_x264,"A bald man in green clothes hugged a woman in purple clothes, and then the bald man kissed the woman in purple clothes The two people walked to the front of the black Audi car. The woman in purple pointed in the direction of the camera. A white car s...",0.4845494031906128
192,Fighting002_x264,Fighting,"Several men talking at the bar A woman with a high ponytail and short-sleeved trousers raised her arms at the bar to give instructions to the man. Man throwing chair at woman The woman turned around and faced the men opposite, raised her hands and sa...",553,Vandalism008_x264,"A man in blue clothes, gray pants and black shoes walked up to a man in white who was leaning on the railing. There are five people standing next to you on the street The man in blue walked to the man in white while shaking his body. Three of the fiv...",0.4835045337677002
47,Arrest012_x264,Arrest,"A row of people stood around watching and talking. Two people threw a man in white out and returned. Two policemen ran over, one of them pressed the man in white to the ground, and the other was pointed by a man and ran to the left. The number of onl...",556,Vandalism011_x264,"Three people were walking on the street. One of them was walking while looking at his mobile phone, and the other was running across the street. A man in black pants pushed three trash cans placed consecutively on the roadside to the ground. Man in b...",0.4823146462440491
408,Robbery074_x264,Robbery,A masked robber confronts another man through a glass door. The robber opened the door and the man quickly resisted. The robber broke the door open and then smashed the door with bricks. The robber ran away...,528,Stealing058_x264,A masked man picked the lock in front of the door and gestured to the back Three masked men gathered in front of the car door to pick the lock from the entry shot A man wearing a hat smashed the window and got into the car The remaining masked men en...,0.48229727149009705
212,Fighting022_x264,Fighting,A man in black and a man in shorts and a shirt walked from the crowd on the left to the center and pushed each other. The man in black left. The man in shorts and shirt turned around and pushed down a man in black and shorts. A man in a purple top an...,554,Vandalism009_x264,A shirtless man wearing jeans walked to the middle of the road and pointed behind him The bare-chested man wearing jeans took a slight approach and kicked the luminous object on the right. Another shirtless man wearing jeans ran out and punched the o...,0.48201116919517517
146,Burglary026_x264,Burglary,A man wearing a hat and clothes with GAP printed on the front climbed into the room from the window. The man looked around and left the camera The man pushed a bicycle to the window The man pushed the front wheel of a bicycle against the window The m...,521,Stealing050_x264,"A man rode a bicycle to a black car and opened the door and entered it. After searching, the man left the car The man got on his bicycle and left...",0.4806644320487976
444,Shooting027_x264,Shooting," Several people were running on the road on the left. A man in a white shirt walked out of the room on the right, shooting as he walked forward. The man in the white shirt ran back to the room on the right A man is lying on the ground at the door of ...",563,Vandalism018_x264,"A man in white walked into the store from the door, and a glass door in the store opened Many people rushed into the store Many people running in the store Many people ran in the opposite direction in the store, and many goods were knocked to the gro...",0.48006319999694824
18,Abuse019_x264,Abuse,"Two women were communicating next to the bed. The woman with her hair all tied up on her head lifted the sheet covering the old man on the bed. The two women were talking and tidying up the sheets, sometimes looking at each other. The woman with brai...",720,Normal_Videos026_x264,"In a back kitchen, a man wearing a red shirt and a black vest left the room, and then a man wearing white short sleeves also left the room. A woman wearing white short-sleeves and a red hat walked in. The woman walked to the sink to wash her hands. T...",0.4785214066505432
70,Arrest035_x264,Arrest,A woman in black walked to the counter carrying a bag. Took out a knife and pointed it at the clerk. The woman stabbed the clerk with a knife. The clerk reached for the knife. The woman stepped back and pointed the knife at the clerk. The clerk press...,494,Stealing017_x264,"A bald man in green clothes hugged a woman in purple clothes, and then the bald man kissed the woman in purple clothes The two people walked to the front of the black Audi car. The woman in purple pointed in the direction of the camera. A white car s...",0.47790125012397766
121,Burglary001_x264,Burglary,"A truck backed up quickly, broke through the door, and then drove forward. The truck is moving forward again. Two men got off the car and broke into the door, and one person entered the room. Another person ran in Another person pushed down an iron f...",537,Stealing068_x264,"A gray car drove past the white truck. The gray car drove back to the white truck A man in gray rushed to the back of the white car from behind  After two more people got out of the gray car, they pried open the door and moved the contents of the tru...",0.4772246479988098
42,Arrest007_x264,Arrest,A man walked into the room with a box in his hand and placed the box on a washing machine in the back. The man tried to move 2 washing machines in the room. The man walked back to the washing machine where the box was placed. The man took out an obje...,556,Vandalism011_x264,"Three people were walking on the street. One of them was walking while looking at his mobile phone, and the other was running across the street. A man in black pants pushed three trash cans placed consecutively on the roadside to the ground. Man in b...",0.47660523653030396
351,Robbery017_x264,Robbery,"There is a man and a woman at the counter. The man is wearing a blue shirt and the woman is wearing a black coat. A man wearing a hat came in from the door and stood next to the cashier, communicating with the man in a blue shirt. The man in the hat ...",494,Stealing017_x264,"A bald man in green clothes hugged a woman in purple clothes, and then the bald man kissed the woman in purple clothes The two people walked to the front of the black Audi car. The woman in purple pointed in the direction of the camera. A white car s...",0.474204957485199
144,Burglary024_x264,Burglary,A shirtless man entered a workstation in an office. The man squatted down in front of the work station Man looking through drawers Rifled through the drawers and side cabinets and took away two items similar to hard drives. The man stood up while obs...,780,Normal_Videos099_x264,There are many desks with partitions in a large office Some people in the office are looking at the computer A man wearing a white shirt and gray pants stood up from the chair and walked along the aisle next to the desk A man in a dark blue shirt sat...,0.4741196632385254
105,Assault010_x264,Assault,"In a large room with many beds and multiple large tables, two people were sitting at the table chatting, while others were lying on the bed sleeping. One person was woken up and got up. The man got up and swept the floor with a broom. Some men in the...",494,Stealing017_x264,"A bald man in green clothes hugged a woman in purple clothes, and then the bald man kissed the woman in purple clothes The two people walked to the front of the black Audi car. The woman in purple pointed in the direction of the camera. A white car s...",0.4731471836566925
184,Burglary064_x264,Burglary,A man in black wearing a black hood crawled out from the shelf at the door of the pharmacy. The man turned the trash can over and dumped the garbage inside. The man in black continues to crawl towards the counter. The man sat down in front of a large...,91,Arson015_x264," Three people wearing hoods came from the stairs to a door. There was a layer of railings in front of the door. A man kept hitting the door lock with an ax, but he didn't open it.  Two more people with hoods came up from the stairs, one carrying a la...",0.4714895188808441
208,Fighting018_x264,Fighting,A man snatched the mobile phone of a woman standing by the wall looking at her mobile phone Woman hits man with bag The woman kicked the man in the lower body and made him kneel on the ground. The woman kicked the man in the face and caused him to fa...,575,Vandalism030_x264,"Two people wearing down jackets ran from the road to the sidewalk. The person running in front kicked the black trash can placed on the roadside, and then the person running behind grabbed the person in front. After a few pushes, they started pushing...",0.4708092212677002
169,Burglary049_x264,Burglary,"A man wearing a white hoodie (dark sleeves) and blue jeans, holding a large blue handbag with red and white patterns in his right hand, broke the lower left part of the glass door with a tool, and then used Kicked to pieces. The man kicked in the gla...",553,Vandalism008_x264,"A man in blue clothes, gray pants and black shoes walked up to a man in white who was leaning on the railing. There are five people standing next to you on the street The man in blue walked to the man in white while shaking his body. Three of the fiv...",0.4697607755661011
102,Assault007_x264,Assault,"In a room with two cash machines, a man was sleeping next to the cash machine inside. There is a figure shaking at the door. A man with a yellow turban on his head crept in with a stick.  Use the stick in his hand to hit the man lying on the ground o...",494,Stealing017_x264,"A bald man in green clothes hugged a woman in purple clothes, and then the bald man kissed the woman in purple clothes The two people walked to the front of the black Audi car. The woman in purple pointed in the direction of the camera. A white car s...",0.46941816806793213
194,Fighting004_x264,Fighting," Behind the pool table, a man in black punched another man in a jacket, who then fought back. A man in yellow clothes rushed in from below and beat the man in a jacket Onlookers joined in the fight. A man in a blue jacket picked up a pool cue and swu...",494,Stealing017_x264,"A bald man in green clothes hugged a woman in purple clothes, and then the bald man kissed the woman in purple clothes The two people walked to the front of the black Audi car. The woman in purple pointed in the direction of the camera. A white car s...",0.46831393241882324
73,Arrest038_x264,Arrest,"A man in black is holding a knife, and there are two policemen with guns in front of him. The man waved a knife at a policeman. One of the police's guns fell to the ground. The man walked back and forth. Several policemen appeared and pointed their g...",556,Vandalism011_x264,"Three people were walking on the street. One of them was walking while looking at his mobile phone, and the other was running across the street. A man in black pants pushed three trash cans placed consecutively on the roadside to the ground. Man in b...",0.4677885174751282
425,Shooting007_x264,Shooting,There is a man in blue clothes walking on the road There is a man in black clothes running on the grass Three people appeared The man in blue answered the man in black The two walked away A child came over...,735,Normal_Videos046_x264,"In a store, a man stood behind the counter and was sorting the goods in a blue plastic basket on the counter. At the entrance of the store, two adults walked past with a little girl in their hands, followed by a little boy. A man in black clothes wal...",0.4675776958465576
156,Burglary036_x264,Burglary,"A man with a gray woolen hat walked into the bar, The man took out cash from the cash register with the small drawer below open and put it into his pocket. The man continued to rummage in the cabinet at the bottom left of the cash register. The man s...",582,Normal_Videos_019_x264,The woman with blond hair and black clothes in the lower left corner is talking on the phone with her back to the cash register and fiddling with something in her hand The woman with blond hair and black clothes turned around to check the status of t...,0.4663204252719879
123,Burglary003_x264,Burglary,A man is rummaging through a large cardboard box The man took out a small cardboard box from a large cardboard box and clamped it under his arm. The man took out a second small carton from a large carton and put it under his arm. The man looked back ...,1024,Normal_Videos378_x264,"In a hall, a man held a black cardboard and walked slowly from the door to stand in front of the camera....",0.46623191237449646
122,Burglary002_x264,Burglary,A man in white entered the room and came to the refrigerator and opened the refrigerator door. The man squatted in front of the refrigerator. Man takes something out of the refrigerator MAN STAND UP The man hid the refrigerator The man walked towards...,469,Shoplifting022_x264,Two people entered the supermarket one after another. The boy took a box of snacks from the shelf and hid it in his clothes. The girl came forward and took a box of things and put them into her clothes. The boy took out the things from his clothes an...,0.4648435115814209
13,Abuse014_x264,Abuse," There are three cars on the road, two green cars and one black car. There is a green car and a black car opposite each other. There is a green trash can on the left side of the street. There are some green plants next to the trash can and there is n...",1152,Normal_Videos521_x264,The video was shot on a small road with some vehicles parked on both sides of the road. A man in a blue shirt appears from below the video and leaves from above A person holding a child walks into a house on the left side of the road A white van driv...,0.46470850706100464
41,Arrest006_x264,Arrest,"A white car parked in front of the garage. A red car passed below. A red car drove up and spun around on the lawn twice before hitting a flagpole. A policeman rushed over, opened the door of the red car, and pushed the driver down on the lawn. Multip...",556,Vandalism011_x264,"Three people were walking on the street. One of them was walking while looking at his mobile phone, and the other was running across the street. A man in black pants pushed three trash cans placed consecutively on the roadside to the ground. Man in b...",0.464603990316391
164,Burglary044_x264,Burglary,"A Caucasian man wearing white clothes and pants, with a bald head and a thin face came to the door of a house. The man first reached out and pulled the door handle. The man inserted a metal rod into the door to pry it open The man pulled the door han...",500,Stealing023_x264,"A black car slowly drove from the road onto the sidewalk, and then slowly returned to its original position The black car slowly drove forward for a few steps, and then returned to its original position. The black car drove a few steps and then fell ...",0.46364539861679077
39,Arrest004_x264,Arrest,A woman in a red top is walking in an alley. A silver car was driving in an alley. A white car drove from the opposite side of the silver car and stopped in front of the silver car. Three police motorcycles came from behind the white car and stopped ...,556,Vandalism011_x264,"Three people were walking on the street. One of them was walking while looking at his mobile phone, and the other was running across the street. A man in black pants pushed three trash cans placed consecutively on the roadside to the ground. Man in b...",0.4635063111782074
336,Robbery002_x264,Robbery,The head of a man with long white hair enters the screen. A man in black clothes wearing a hat and holding a pistol walked towards the counter. He reached for the yellow paper bag next to the counter and stuffed the paper bag and the pistol into his ...,865,Normal_Videos199_x264,"The bank staff has been counting the number of banknotes in their hands. During this period, they will turn their heads and look around at other staff, count a dozen and put them together. The staff talked with the man in the yellow hat who came to t...",0.46232762932777405
437,Shooting020_x264,Shooting,A person hurriedly walked into the hall A person ran past the corridor A person walks forward with a gun aimed at others The man with the gun ran wildly in the mall Two people running towards each other collided Two people stood up and ran away The m...,563,Vandalism018_x264,"A man in white walked into the store from the door, and a glass door in the store opened Many people rushed into the store Many people running in the store Many people ran in the opposite direction in the store, and many goods were knocked to the gro...",0.4602144956588745
180,Burglary060_x264,Burglary,"A man wearing light-colored clothing, a baseball cap on his back, and a backpack came to a storage room with glass windows on all sides. Trying to pry open the outermost bicycle but failed. The man then walked inside,  Lift the innermost bicycle dire...",495,Stealing018_x264,"A man in a plaid shirt ran to a black jeep parked on the side of the road and started to pry the door The man in the plaid shirt dropped his tools on the ground, and the man bent down to pick them up. After picking it up, continue to pry the door of ...",0.45961591601371765
433,Shooting015_x264,Shooting,There is a white old man nearby crossing the road and walking towards the distance There is a woman in red putting things on the counter in the distance A man pressed against the security guard’s neck There is a woman in red in the distance walking f...,594,Normal_Videos_056_x264,There is a woman in red putting things on the counter in the distance There is a woman in red in the distance leaving the cashier in the distance and going to the cashier nearby A man in blue manages the cashier in the distance The woman in red is ta...,0.4590478837490082
397,Robbery063_x264,Robbery,"A man looks back while walking forward Three motorcycles and a person on foot blocked him on the side of the road.  Several people robbed the man. The man trotted backwards, and several people rode away. The man walked forward. The man stood there an...",483,Stealing006_x264,There are many cars and motorcycles traveling in opposite directions on the road A motorcycle carrying two people stopped behind a white car. The person on the back seat of the motorcycle got off the motorcycle and stood aside. The man in brown cloth...,0.45898303389549255
103,Assault008_x264,Assault,5 or 6 people outside the hospital stood together and talked. A fat man wearing a black coat entered the yard. The man reached out to say hello in the distance. The man in the plaid sweater walked into the warehouse from the yard. The man in a black ...,553,Vandalism008_x264,"A man in blue clothes, gray pants and black shoes walked up to a man in white who was leaning on the railing. There are five people standing next to you on the street The man in blue walked to the man in white while shaking his body. Three of the fiv...",0.45831766724586487
64,Arrest029_x264,Arrest,"A man in white and a woman in black escorted another woman in black past. A man is walking back and forth, flanked by two male police officers, a man and a woman. The woman in black was holding a mobile phone. The police took the mobile phone away an...",556,Vandalism011_x264,"Three people were walking on the street. One of them was walking while looking at his mobile phone, and the other was running across the street. A man in black pants pushed three trash cans placed consecutively on the roadside to the ground. Man in b...",0.45783472061157227
69,Arrest034_x264,Arrest,"Two people on the lower left are talking. Multiple pedestrians passed by. A white truck passes and stops behind another white truck. A man talking in the lower left and another man entered a white car. The white truck in front left, and the white tru...",556,Vandalism011_x264,"Three people were walking on the street. One of them was walking while looking at his mobile phone, and the other was running across the street. A man in black pants pushed three trash cans placed consecutively on the roadside to the ground. Man in b...",0.45769232511520386
142,Burglary022_x264,Burglary,"The two people appeared at the door and took out tools and started to pry the door, but they failed. A man smashed the lock with a hammer  Hammer a small part of the door open The man touched the broken area with his hand The man continues to smash t...",553,Vandalism008_x264,"A man in blue clothes, gray pants and black shoes walked up to a man in white who was leaning on the railing. There are five people standing next to you on the street The man in blue walked to the man in white while shaking his body. Three of the fiv...",0.45737773180007935
3,Abuse004_x264,Abuse,"Two bald policemen in black uniforms held the iron mesh gate and talked to a male prisoner sitting on a black chair. The male prisoner was wearing a blue shirt and gray-green trousers. , and a pair of black sneakers, during which the two police offic...",494,Stealing017_x264,"A bald man in green clothes hugged a woman in purple clothes, and then the bald man kissed the woman in purple clothes The two people walked to the front of the black Audi car. The woman in purple pointed in the direction of the camera. A white car s...",0.45632240176200867
355,Robbery021_x264,Robbery,"A man in a blue hoodie and a man in a gray hoodie suddenly broke into the supermarket. The man in the blue hoodie broke into the checkout counter, and the man in the gray hoodie threatened the clerk with a knife outside the checkout counter. The came...",466,Shoplifting019_x264,"A man wearing two hats suddenly took away a box of things on the counter and ran out; a man with a white beard at the counter immediately went to grab it, but didn't get it. The man wearing two hats ran out; taking advantage of the chaos, the man wea...",0.45543673634529114
61,Arrest026_x264,Arrest,"A woman sitting on a chair in the room was talking to a policeman sitting on another chair. There were two policemen standing next to her. One policeman said something to another policeman. The woman suddenly stood up and wanted to leave, but was sto...",556,Vandalism011_x264,"Three people were walking on the street. One of them was walking while looking at his mobile phone, and the other was running across the street. A man in black pants pushed three trash cans placed consecutively on the roadside to the ground. Man in b...",0.453912615776062
438,Shooting021_x264,Shooting,"A white car drove into the garage The garage door slowly closes The garage door was lifted and a man walked in The man opened the door of the white car, and the person sitting in the car shot at the man The person sitting in the car came out and kept...",744,Normal_Videos060_x264,"There is a white car in a garage full of debris. The rolling shutter door of the garage slowly opens, and then the sunlight outside flashes into the garage. A middle-aged man wearing a black jacket and jeans approached the garage, opened the door of ...",0.45348039269447327
222,Fighting032_x264,Fighting,A man appeared at the counter carrying a fluorescent bag The police at the counter yelled and then went out The man clamped his hands on the policeman’s neck and pushed him to the counter Two people struggled together Other police officers came to he...,556,Vandalism011_x264,"Three people were walking on the street. One of them was walking while looking at his mobile phone, and the other was running across the street. A man in black pants pushed three trash cans placed consecutively on the roadside to the ground. Man in b...",0.4534749388694763
67,Arrest032_x264,Arrest,"A man in blue was standing in front of the counter with handcuffs, and next to him was a policeman in yellow police uniform. The man in blue turned and rushed towards the police. The police pinned him down on the counter. A policeman in white police ...",556,Vandalism011_x264,"Three people were walking on the street. One of them was walking while looking at his mobile phone, and the other was running across the street. A man in black pants pushed three trash cans placed consecutively on the roadside to the ground. Man in b...",0.4531104564666748
182,Burglary062_x264,Burglary,"A white pickup truck moved forward slowly on the path beside the parking lot, then reversed and parked at the side of the parking lot. A man got out of a car parked in the parking lot, Running inside with another man waiting in the parking lot. The w...",537,Stealing068_x264,"A gray car drove past the white truck. The gray car drove back to the white truck A man in gray rushed to the back of the white car from behind  After two more people got out of the gray car, they pried open the door and moved the contents of the tru...",0.451473593711853
25,Abuse026_x264,Abuse,"A powerful and tall man threw a woman to the ground The tall man forcibly kissed the woman on the ground. At this time, a passing man saw and stopped him The man passing by communicated with the man, but the tall man ignored him. At this time, a woma...",494,Stealing017_x264,"A bald man in green clothes hugged a woman in purple clothes, and then the bald man kissed the woman in purple clothes The two people walked to the front of the black Audi car. The woman in purple pointed in the direction of the camera. A white car s...",0.45137086510658264
364,Robbery030_x264,Robbery,"The screen lights up with three men entering the house to move things into a bucket Three men moved things, two men stood with their hands raised  Several men continue to move things Two men sat in two corners waiting for three men to leave with buck...",1074,Normal_Videos433_x264,"A man in a black shirt and brown pants walks from the left side of the screen to the right side A man in white in the lower left corner moved a wooden shelf In the video outside a container, there are men in black clothes walking, red clothes, green ...",0.45071467757225037
426,Shooting008_x264,Shooting,The fat man in black is looking for something The fat man in black fell down A fat man in black crossed the fence The fat man in black is rolling The fat man in black picked up the gun A man in black walked to the right from the intersection The fat ...,582,Normal_Videos_019_x264,The woman with blond hair and black clothes in the lower left corner is talking on the phone with her back to the cash register and fiddling with something in her hand The woman with blond hair and black clothes turned around to check the status of t...,0.44965386390686035
415,Robbery081_x264,Robbery,"Two men in black struggled, and one of them fell to the ground after being held down and beaten several times. Two men on the left fought, and another man jumped into the cashier with a red bag and robbed. A man dragged another man lying on the groun...",494,Stealing017_x264,"A bald man in green clothes hugged a woman in purple clothes, and then the bald man kissed the woman in purple clothes The two people walked to the front of the black Audi car. The woman in purple pointed in the direction of the camera. A white car s...",0.4494619071483612
7,Abuse008_x264,Abuse,A female police officer in black uniform bent down and took off the shoes of a woman who was sitting in the prison and threw the shoes on the ground The female police officer asked the woman to stand up and lie on the wall and searched her body from ...,556,Vandalism011_x264,"Three people were walking on the street. One of them was walking while looking at his mobile phone, and the other was running across the street. A man in black pants pushed three trash cans placed consecutively on the roadside to the ground. Man in b...",0.448178231716156
46,Arrest011_x264,Arrest,"A man in a red shirt smokes at the door. Many people ran out from the door. Two men in orange clothes drove a man in gray clothes out of the door and prevented him from entering. The man in gray clothes punched a man in orange clothes, and was knocke...",556,Vandalism011_x264,"Three people were walking on the street. One of them was walking while looking at his mobile phone, and the other was running across the street. A man in black pants pushed three trash cans placed consecutively on the roadside to the ground. Man in b...",0.4476923942565918
153,Burglary033_x264,Burglary,A young white man wearing a black coat with a white pattern on the back was groping in front of the door and trying to open it. The man looked into the room from the window next to him. The man continued to turn the door handle twice The man then qui...,516,Stealing045_x264,"A man came from a distance and wandered near the vehicle, looking around for opportunities and then tried to open the trunk of the vehicle. The man took out a flashlight and shined it into the vehicle, opened the driver's door and entered it. After 3...",0.4452436864376068
76,Arrest041_x264,Arrest,"A man in black wearing a hat and a red scarf passed by. A man in police uniform walked to the door, opened it and held a gun.  Several men in police uniforms rushed to the door with guns. A man in black with a hat ran out with a yellow object in his ...",556,Vandalism011_x264,"Three people were walking on the street. One of them was walking while looking at his mobile phone, and the other was running across the street. A man in black pants pushed three trash cans placed consecutively on the roadside to the ground. Man in b...",0.4448905289173126
113,Assault018_x264,Assault,"Two men appeared. The man walking behind punched the man in front and knocked him to the ground, then turned and left. The man lying on the ground was motionless....",554,Vandalism009_x264,A shirtless man wearing jeans walked to the middle of the road and pointed behind him The bare-chested man wearing jeans took a slight approach and kicked the luminous object on the right. Another shirtless man wearing jeans ran out and punched the o...,0.4444010555744171
226,Fighting036_x264,Fighting,Two men and five men fighting in the street A man was knocked to the ground The man stood up and was kicked to the ground again  Several men continued to punch and kick the two men.  Several men came out from behind the background board and continued...,554,Vandalism009_x264,A shirtless man wearing jeans walked to the middle of the road and pointed behind him The bare-chested man wearing jeans took a slight approach and kicked the luminous object on the right. Another shirtless man wearing jeans ran out and punched the o...,0.4441767930984497
221,Fighting031_x264,Fighting,"A group of people walked by Two cars drove away, and several pedestrians passed by A man wearing a hat pulled a man in yellow who was riding a bicycle The man in yellow got out of the car and argued with him A quarrel occurred when a man picked up a ...",553,Vandalism008_x264,"A man in blue clothes, gray pants and black shoes walked up to a man in white who was leaning on the railing. There are five people standing next to you on the street The man in blue walked to the man in white while shaking his body. Three of the fiv...",0.4426668882369995
143,Burglary023_x264,Burglary,A man was trying to move a bicycle near the door of a room. The man stood up the bicycle The man moved behind the door and continued the operation. The man dragged out the bicycle and placed it on the ground. The man ran towards the room and turned o...,521,Stealing050_x264,"A man rode a bicycle to a black car and opened the door and entered it. After searching, the man left the car The man got on his bicycle and left...",0.4424564242362976
16,Abuse017_x264,Abuse,"A woman in a white top pushed the child in orange clothes next to her to the ground. The cashier saw it and stood by, ignoring it, still playing with her mobile phone with her legs crossed. The child got up from the ground. A woman wearing a white to...",494,Stealing017_x264,"A bald man in green clothes hugged a woman in purple clothes, and then the bald man kissed the woman in purple clothes The two people walked to the front of the black Audi car. The woman in purple pointed in the direction of the camera. A white car s...",0.44199803471565247
348,Robbery014_x264,Robbery,A white-haired man wearing a gray short-sleeved shirt put something into his pocket and walked into the counter and placed a few pieces of paper on the counter. The black man wearing a striped white shirt next to him took a piece of white paper and w...,78,Arson001_x264,The door of a white car parked in front of the house opened A woman got off the car from the back door and walked to the door of the house next to her. The woman smashed the door of the house with an ax and then went back into the car and closed the ...,0.44073420763015747
165,Burglary045_x264,Burglary," Two men cooperated in front of the glass door of a small grocery store to pry open the door. One of the men was wearing a black top and dark trousers, and the other man was wearing a black top and light trousers. It’s useless for a person in light-c...",560,Vandalism015_x264,"A man in black clothes and a black hat walked to the door of a store with something in his hand. The door of the store was covered with glass. The man in the black hat looked towards the store for a while, then continued to walk along the sidewalk wh...",0.43903592228889465
120,Assault026_x264,Assault,"A man wearing a white T-shirt beat a man in blue on the seat next to him. A man in black came to break up the fight, but the man in white continued to beat the man in gray and then left...",494,Stealing017_x264,"A bald man in green clothes hugged a woman in purple clothes, and then the bald man kissed the woman in purple clothes The two people walked to the front of the black Audi car. The woman in purple pointed in the direction of the camera. A white car s...",0.4385971128940582
26,Abuse027_x264,Abuse,"A baby was rocking on a cradle made of blue cloth. The woman next to him first pulled the baby over and looked at it, then left with the bottle and went back to take a look. walked away. A woman wearing a pink top walked to the sofa with a milk bottl...",875,Normal_Videos212_x264,"A woman in an orange top and black pants came out and arranged the clothes on the rack, walked to the edge of the shelf and squatted down The lady repeatedly took out items and put them on the shelf, took the goods, looked at her phone, and repeated ...",0.43846049904823303
37,Arrest002_x264,Arrest,A man in a blue shirt passed under the screen. A man with a blue upper body and a gray lower body leans against the goal post. A man in a white T-shirt quickly ran over and subdued the man leaning against the goalpost to the ground. A man in a blue s...,494,Stealing017_x264,"A bald man in green clothes hugged a woman in purple clothes, and then the bald man kissed the woman in purple clothes The two people walked to the front of the black Audi car. The woman in purple pointed in the direction of the camera. A white car s...",0.43823957443237305
370,Robbery036_x264,Robbery,Three people communicating at the workstation A man wearing a black hoodie walked to the middle counter to do business The teller ran away and a man in black jumped in and rummaged through the counter. Three tellers ran into the far room one after an...,556,Vandalism011_x264,"Three people were walking on the street. One of them was walking while looking at his mobile phone, and the other was running across the street. A man in black pants pushed three trash cans placed consecutively on the roadside to the ground. Man in b...",0.43757063150405884
159,Burglary039_x264,Burglary,A red car drove up and parked in front of the iron gate of a small courtyard outside a house. A man in gray clothes got out of the driver's seat of the car The man in gray clothes parked the car on the left side and stood looking around. The man in g...,558,Vandalism013_x264,"A man in a gray shirt, a yellow shirt and a blue shirt walked towards the roadside where a Christmas tree and a red object were surrounded by red railings Men in yellow shirts and gray shirts push red objects with their hands The man in the yellow sh...",0.4365009665489197
349,Robbery015_x264,Robbery,"A man wearing a hat, a blue backpack and a black shirt broke into the house, followed by a man wearing a black hat. A man wearing a black hat and blue short-sleeves rushed into the counter with a gun, pointing at the woman sitting inside the counter ...",454,Shoplifting006_x264,"A woman picked up a large bottle of water, put it down after drinking it, and sat next to it. The man in the blue hat stood up, took the salesman's necklace and started trying it on, glancing at the camera from time to time. A child and three women c...",0.4358426332473755
210,Fighting020_x264,Fighting,Two women had a quarrel on the road The woman in beige skirt on the left punches the woman in purple skirt The man in the black jacket pulled the two apart A woman in a coat from behind pulled the woman in a purple skirt to the ground The man in the ...,494,Stealing017_x264,"A bald man in green clothes hugged a woman in purple clothes, and then the bald man kissed the woman in purple clothes The two people walked to the front of the black Audi car. The woman in purple pointed in the direction of the camera. A white car s...",0.43581172823905945
183,Burglary063_x264,Burglary, An African-American man wearing a white T-shirt and a white baseball cap came out of the room with a large-screen TV in his left arm. The man came down the small stairs in front of the door and left along the path in front of the door. The man appea...,774,Normal_Videos093_x264,"A man in black clothes and black pants walked from the inside of the house to the door. Beside the aisle are some desks, chairs and a couch A man wearing a dark blue shirt and blue jeans walked quickly down the stairs enclosed by glass inside the roo...",0.4352634847164154
445,Shooting028_x264,Shooting,There is an old man holding something in front of the camera A man came out from the distance...,593,Normal_Videos_051_x264,There is a white old man nearby crossing the road and walking into the distance The white old man entered a silver car The silver car started and left the camera along the road from the upper right to the lower left...,0.4351238012313843
377,Robbery043_x264,Robbery,Two men with guns entered. The man in black jumped into the counter and forced the woman to open the counter. Woman opens the cashier The man in black keeps throwing money from the cashier to the man in white Woman opens another cashier The man in bl...,468,Shoplifting021_x264,"In a store, a male boss took an earring from a box and showed it to a woman The man puts on the earrings for the woman  The woman was satisfied and exposed the ear with the earring for the man to see. The woman then looked at the mirror aside, The wo...",0.43443870544433594
170,Burglary050_x264,Burglary,"A dark-skinned man wearing a white helmet and a black coat entered the small supermarket. Looked around, then took off his coat, Come to the counter and point your finger in the direction behind the counter, seemingly having a conversation with the c...",747,Normal_Videos064_x264,"In a supermarket, a young man wearing a black shirt, black shorts and a black hat took an item from the shelf, looked around and walked to the counter. In a supermarket, a dark-skinned man wearing a white shirt and black pants walked around the shelv...",0.43403008580207825
358,Robbery024_x264,Robbery,A man in white and a man in black are fighting in the upper right corner of the screen The man wearing a white hat was walking around the house with a gun and threatening the man at the counter. There is a man in black clothes in the lower left corne...,494,Stealing017_x264,"A bald man in green clothes hugged a woman in purple clothes, and then the bald man kissed the woman in purple clothes The two people walked to the front of the black Audi car. The woman in purple pointed in the direction of the camera. A white car s...",0.43398985266685486
357,Robbery023_x264,Robbery,"The two women sitting at the counter suddenly ran aside in fright. Three men wearing hats came in and started smashing the counter. The man in the red hat kept breaking the counter, and the man in the gray hat put the items on the counter into his ba...",466,Shoplifting019_x264,"A man wearing two hats suddenly took away a box of things on the counter and ran out; a man with a white beard at the counter immediately went to grab it, but didn't get it. The man wearing two hats ran out; taking advantage of the chaos, the man wea...",0.4338034689426422
361,Robbery027_x264,Robbery,A man wearing a white short-sleeved shirt came to the counter to communicate. The man in the white short-sleeved shirt left the counter again. Suddenly all the women and children ran away. A man jumped directly into the counter. Two men in black shir...,494,Stealing017_x264,"A bald man in green clothes hugged a woman in purple clothes, and then the bald man kissed the woman in purple clothes The two people walked to the front of the black Audi car. The woman in purple pointed in the direction of the camera. A white car s...",0.4334767460823059
38,Arrest003_x264,Arrest," Next to a car, a male policeman wearing a brown police uniform pointed in one direction with his left hand and questioned a man wearing a white T-shirt and holding a bag of merchandise in his hand. The man retorted fiercely. A woman in white clothes...",556,Vandalism011_x264,"Three people were walking on the street. One of them was walking while looking at his mobile phone, and the other was running across the street. A man in black pants pushed three trash cans placed consecutively on the roadside to the ground. Man in b...",0.4334317445755005
114,Assault019_x264,Assault,"The window of the shop was broken, and several men stood in front of the bar and looked toward the window. Someone climbed into the store from the window. A man picked up a chair and pushed the man who was climbing in from the window out of the windo...",553,Vandalism008_x264,"A man in blue clothes, gray pants and black shoes walked up to a man in white who was leaning on the railing. There are five people standing next to you on the street The man in blue walked to the man in white while shaking his body. Three of the fiv...",0.43332216143608093
414,Robbery080_x264,Robbery,"Two men came and stood in front of the door. Two men entered the room, one of them suppressed the man in the house, and the other searched the man. The man in the house struggled violently and fell to the ground. The man struggled violently and fell ...",494,Stealing017_x264,"A bald man in green clothes hugged a woman in purple clothes, and then the bald man kissed the woman in purple clothes The two people walked to the front of the black Audi car. The woman in purple pointed in the direction of the camera. A white car s...",0.4323044419288635
400,Robbery066_x264,Robbery,"A woman stands in front of the cashier and operates. A man with blue and white stripes climbed through the window and entered. The man wanted to rob the cashier, and the woman and the man fought. Two big men came behind the woman. The three men pushe...",494,Stealing017_x264,"A bald man in green clothes hugged a woman in purple clothes, and then the bald man kissed the woman in purple clothes The two people walked to the front of the black Audi car. The woman in purple pointed in the direction of the camera. A white car s...",0.4316350221633911
399,Robbery065_x264,Robbery,A man in white and a man in black are fighting in the upper right corner of the screen The man wearing a white hat was walking around the house with a gun and threatening the man at the counter. There is a man in black clothes in the lower left corne...,494,Stealing017_x264,"A bald man in green clothes hugged a woman in purple clothes, and then the bald man kissed the woman in purple clothes The two people walked to the front of the black Audi car. The woman in purple pointed in the direction of the camera. A white car s...",0.43117642402648926
343,Robbery009_x264,Robbery,"A little girl walked to the shelf Two tellers and a woman in light clothes brought two children, one of whom was playing around in the supermarket. The teller on the right ran to the distance to pack his things Two men broke into the supermarket A ma...",465,Shoplifting018_x264,"A woman and a man were walking in the middle of the supermarket shelves. The woman stopped aside and took a few bags of things and dumped them on the opposite shelf. The man turned, followed by a child The woman put the few bags of things she had tak...",0.43088144063949585
138,Burglary018_x264,Burglary,A man in white clothes and a helmet walked from a car parked next to the door to the door. The man looked into the door The man started to pry the door of the house with a knife The man never pried it open and stopped. The man fumbled again and then ...,495,Stealing018_x264,"A man in a plaid shirt ran to a black jeep parked on the side of the road and started to pry the door The man in the plaid shirt dropped his tools on the ground, and the man bent down to pick them up. After picking it up, continue to pry the door of ...",0.43056559562683105
60,Arrest025_x264,Arrest,Three policemen stood in front of a blue car on the roadside. Four police officers dragged a man out of the car and pinned him to the ground. One of the police officers struck the man in the head with his knee and restrained him....,494,Stealing017_x264,"A bald man in green clothes hugged a woman in purple clothes, and then the bald man kissed the woman in purple clothes The two people walked to the front of the black Audi car. The woman in purple pointed in the direction of the camera. A white car s...",0.42948177456855774
371,Robbery037_x264,Robbery,A man in white clothes and black pants is sitting behind the counter playing with his mobile phone A woman in black pushed the door in while talking on the phone The woman pointed at something and the man turned around to take it The woman gave money...,494,Stealing017_x264,"A bald man in green clothes hugged a woman in purple clothes, and then the bald man kissed the woman in purple clothes The two people walked to the front of the black Audi car. The woman in purple pointed in the direction of the camera. A white car s...",0.42774534225463867
385,Robbery051_x264,Robbery,"A man in red raised a gun and waved it back and forth, while a woman squatted down beside her, holding her head. The man continued to brandish a pistol and directed his accomplices to rob and loot. The man with the gun directed his accomplice to the ...",553,Vandalism008_x264,"A man in blue clothes, gray pants and black shoes walked up to a man in white who was leaning on the railing. There are five people standing next to you on the street The man in blue walked to the man in white while shaking his body. Three of the fiv...",0.42770081758499146
219,Fighting029_x264,Fighting,A man in gray striped clothes punched the man at the counter Counter man throwing equipment counterattack The man at the counter left the counter and fought with a man in black The man at the counter got into a fight with another man and then fell to...,554,Vandalism009_x264,A shirtless man wearing jeans walked to the middle of the road and pointed behind him The bare-chested man wearing jeans took a slight approach and kicked the luminous object on the right. Another shirtless man wearing jeans ran out and punched the o...,0.426451712846756
173,Burglary053_x264,Burglary,"A white man wearing a black T-shirt and light trousers came to the porch of a big house, pressed the doorbell and waited. Ringed the doorbell twice in front of the door, then stood at the door and waited. After knocking on the door, the man continued...",613,Normal_Videos_251_x264,A black man and an Asian man entered the house one after another An old man in white clothes passed by the door...,0.4261412024497986
12,Abuse013_x264,Abuse," Kindergarten children stood in three rows in the classroom. The teacher twisted their ears and dragged the two children to the wall. One child knelt down by the wall, and the other child was thrown against the wall. After the teacher kicked each of ...",494,Stealing017_x264,"A bald man in green clothes hugged a woman in purple clothes, and then the bald man kissed the woman in purple clothes The two people walked to the front of the black Audi car. The woman in purple pointed in the direction of the camera. A white car s...",0.42574962973594666
8,Abuse009_x264,Abuse,"At night, there were a bunch of men standing at the bulletin board on the street, and there was another man standing on the other side, holding a child in his arms. The man standing on the other side slammed the child in his hands to the ground, and ...",494,Stealing017_x264,"A bald man in green clothes hugged a woman in purple clothes, and then the bald man kissed the woman in purple clothes The two people walked to the front of the black Audi car. The woman in purple pointed in the direction of the camera. A white car s...",0.425545871257782
175,Burglary055_x264,Burglary,A white pickup truck drove into the front door of a compound and stopped. A man wearing a white hat got out of the car The man ran towards the back. A man in white hooded clothing got out of the car and ran forward. Run to the back and the man ran ba...,868,Normal_Videos202_x264,The white car drives past from right to left Silver passenger car drives past from right to left The person behind took some things out of the car and threw them into the back of the car. Then he closed the hood and got into the car....,0.42550647258758545
418,Robbery084_x264,Robbery,"A man in white walked into the store. Three robbers rushed into the store, and one of the hooded men grabbed the man who had just entered. A robber in a gray hoodie leaves. Gray hoodie robber wielding knife. The knife-wielding robber left and returne...",494,Stealing017_x264,"A bald man in green clothes hugged a woman in purple clothes, and then the bald man kissed the woman in purple clothes The two people walked to the front of the black Audi car. The woman in purple pointed in the direction of the camera. A white car s...",0.4251360595226288
36,Arrest001_x264,Arrest,"A man in black clothes, pants and white shirt walked to the door and talked with a man in short-sleeved white clothes. A man dressed all in black stood on the right side of the door listening to the man in black clothes and white shirt communicating ...",494,Stealing017_x264,"A bald man in green clothes hugged a woman in purple clothes, and then the bald man kissed the woman in purple clothes The two people walked to the front of the black Audi car. The woman in purple pointed in the direction of the camera. A white car s...",0.4242261052131653
428,Shooting010_x264,Shooting,The man entered the car door A man also came to the car Man fighting with people in car Two people beat each other with guns The man outside the car fell down The man in the car raised his gun to see...,494,Stealing017_x264,"A bald man in green clothes hugged a woman in purple clothes, and then the bald man kissed the woman in purple clothes The two people walked to the front of the black Audi car. The woman in purple pointed in the direction of the camera. A white car s...",0.42296233773231506
63,Arrest028_x264,Arrest,A policeman closed the door and left the room. Two policemen took a man in black into a small room and closed the door. One of the policemen started talking to the man in black. A policeman suddenly pressed the man against the door while the man in b...,556,Vandalism011_x264,"Three people were walking on the street. One of them was walking while looking at his mobile phone, and the other was running across the street. A man in black pants pushed three trash cans placed consecutively on the roadside to the ground. Man in b...",0.42248886823654175
376,Robbery042_x264,Robbery,A man wearing a black hoodie appeared at the counter and took out a white paper and showed it to the man on the right wearing a black short-sleeved cap and a peaked cap to look at and talk to The man in the peaked cap took the white paper and looked ...,740,Normal_Videos054_x264,A dark-skinned man wearing a gray hoodie and a black hat is writing on a white paper on a black table full of clutter. A dark-skinned man wearing a gray hoodie and a black hat is holding a black ballpoint pen next to a table full of debris and a man ...,0.4223993420600891
430,Shooting012_x264,Shooting, Someone in the distance opened the trunk of the car The cashier collects the customer's banknotes and puts them into the cash register The cashier takes out yellow coins from the cash register and gives change to the customer The customer left with ...,671,Normal_Videos_884_x264,There are many vehicles running outside the window A store where many people enter to choose things The salesperson is packing things Sales move the chair to make way for the aisle The old man walked through the aisle The old man took out a long blac...,0.42195671796798706
216,Fighting026_x264,Fighting,A man in an orange shirt is eating in the lower left corner of the restaurant A man in white and two others appeared and attacked the man in orange shirt who was eating at the table The man in white and the man in orange struggled together The man in...,494,Stealing017_x264,"A bald man in green clothes hugged a woman in purple clothes, and then the bald man kissed the woman in purple clothes The two people walked to the front of the black Audi car. The woman in purple pointed in the direction of the camera. A white car s...",0.42126062512397766
340,Robbery006_x264,Robbery,The black man with a backpack pushed the man in black next to him to the counter. The black man raised his pistol and pointed it at the man wearing a shirt at the counter. The man in a shirt at the counter knocked over the black chair. A man wearing ...,494,Stealing017_x264,"A bald man in green clothes hugged a woman in purple clothes, and then the bald man kissed the woman in purple clothes The two people walked to the front of the black Audi car. The woman in purple pointed in the direction of the camera. A white car s...",0.4190945029258728
427,Shooting009_x264,Shooting,Someone came in from a distance The man in pink clothes pulls the sheets on his body A man in white came in at the door Man takes something out of the car The man in pink waved to everyone The man in pink smashed the display screen Man drinking from ...,720,Normal_Videos026_x264,"In a back kitchen, a man wearing a red shirt and a black vest left the room, and then a man wearing white short sleeves also left the room. A woman wearing white short-sleeves and a red hat walked in. The woman walked to the sink to wash her hands. T...",0.4182319641113281
225,Fighting035_x264,Fighting,Two people arguing in the lower right corner The two men were pushed and beaten under the car The man in red returns to the driving seat...,494,Stealing017_x264,"A bald man in green clothes hugged a woman in purple clothes, and then the bald man kissed the woman in purple clothes The two people walked to the front of the black Audi car. The woman in purple pointed in the direction of the camera. A white car s...",0.4180653393268585
363,Robbery029_x264,Robbery," Four men got out of a white van, three of them were carrying two white bags in their hands. The white van drove away. A black car drove up and several men in black got out. After the white van drove away, a black car drove up and several men in blac...",557,Vandalism012_x264,"Two men in black running on the street A man picked up a black object on the street and threw it into the sky Two men in black running on the street A man runs towards a white trash can The man picked up the trash can with both hands, turned it in a ...",0.41667670011520386
422,Shooting004_x264,Shooting,A policeman ran forward with his gun raised The policeman is retreating with his gun raised A woman chases a man forcing him to retreat Woman was shot and fell to the ground The man stepped forward to restrain him...,556,Vandalism011_x264,"Three people were walking on the street. One of them was walking while looking at his mobile phone, and the other was running across the street. A man in black pants pushed three trash cans placed consecutively on the roadside to the ground. Man in b...",0.4162662625312805
99,Assault004_x264,Assault," There were four men on the roadside. When they saw two cars driving towards them, they all ran away.  Three big men got out of the car in front, some with their faces covered, holding machetes, and directly stopped the man running at the end. The bi...",494,Stealing017_x264,"A bald man in green clothes hugged a woman in purple clothes, and then the bald man kissed the woman in purple clothes The two people walked to the front of the black Audi car. The woman in purple pointed in the direction of the camera. A white car s...",0.41492369771003723
130,Burglary010_x264,Burglary,"There are two cash machines in the corner of the street, and there is no one on the street. Four people came to two ATMs. Four people tried to pry open the cash machine with sticks, but failed. Another person came over and came to the cash machine.  ...",91,Arson015_x264," Three people wearing hoods came from the stairs to a door. There was a layer of railings in front of the door. A man kept hitting the door lock with an ax, but he didn't open it.  Two more people with hoods came up from the stairs, one carrying a la...",0.41456761956214905
392,Robbery058_x264,Robbery,"A woman in red was playing with her mobile phone behind the counter, when a man in black with a mask came over. The man in black put the bag on the table and threatened the woman with a gun. The woman opened the checkout counter and put money in her ...",494,Stealing017_x264,"A bald man in green clothes hugged a woman in purple clothes, and then the bald man kissed the woman in purple clothes The two people walked to the front of the black Audi car. The woman in purple pointed in the direction of the camera. A white car s...",0.41447871923446655
420,Shooting002_x264,Shooting,Three men hugging each other There are two more men talking to them in the camera Five people talking to each other Passing by a person The five people gradually dispersed Five people fighting with each other A lady came to watch five people fight...,592,Normal_Videos_196_x264,There are five men talking to each other in the lower left corner of the screen There is a man in a gray shirt below the screen bending down to pack things. There is a man in a pink shirt among the five men There is a man in a gray shirt below the sc...,0.41403019428253174
423,Shooting005_x264,Shooting,A man entered the house A man came out of the house Two men came over A man came over and put on clothes A man ran away with a gun A man is talking to someone indoors A man in black ran over Man uses a flashlight to shine outside into the house...,89,Arson013_x264,A man in purple walked to the door of the house carrying a red gasoline barrel from a distance The man in purple ran away again carrying the bucket. A car passed by the roadside next to the house The man in purple came to the house with gasoline In a...,0.4137283265590668
344,Robbery010_x264,Robbery,A man wearing black short sleeves turned around and walked towards the short-haired woman next to the door. The short-haired woman next to the door turned around and walked to the staff at the counter with a backpack. The staff was a woman with black...,494,Stealing017_x264,"A bald man in green clothes hugged a woman in purple clothes, and then the bald man kissed the woman in purple clothes The two people walked to the front of the black Audi car. The woman in purple pointed in the direction of the camera. A white car s...",0.4134829640388489
149,Burglary029_x264,Burglary,A young white man appears in the room The man picked up a small paper box from the cabinet in the room and opened it as he walked The man walked to the kitchen counter The man placed the carton on the kitchen bar. The man leaves Another young white m...,710,Normal_Videos009_x264,"In a room, a man wearing sunglasses and khaki shorts walked over from the next room. The man held a white basket in his hand, and then the man walked to a row of storage behind the cabinet A woman wearing a gray coat and black pants came from the nex...",0.41208985447883606
74,Arrest039_x264,Arrest,A man in black walked in from outside and came to the counter. The man in black stepped back and took out two guns. The man in black is walking around and saying something. A car passed by outside. A man in black police uniform rushed in and shot the...,556,Vandalism011_x264,"Three people were walking on the street. One of them was walking while looking at his mobile phone, and the other was running across the street. A man in black pants pushed three trash cans placed consecutively on the roadside to the ground. Man in b...",0.4120190143585205
4,Abuse005_x264,Abuse,"The prison guard wearing black trousers and gray short-sleeved uniforms sitting next to the wall suddenly stood up and walked into the room opposite the white table, and knocked his white table against the side of the door, diagonally leave; A prison...",494,Stealing017_x264,"A bald man in green clothes hugged a woman in purple clothes, and then the bald man kissed the woman in purple clothes The two people walked to the front of the black Audi car. The woman in purple pointed in the direction of the camera. A white car s...",0.4117317795753479
218,Fighting028_x264,Fighting,Two men walked in and one threatened the other with a gun and snatched the backpack. The four people fought each other A man in red clothes rushed in to help The two were suppressed by two men in blue and one in red. A man in gray came to help fight ...,556,Vandalism011_x264,"Three people were walking on the street. One of them was walking while looking at his mobile phone, and the other was running across the street. A man in black pants pushed three trash cans placed consecutively on the roadside to the ground. Man in b...",0.4116036295890808
20,Abuse021_x264,Abuse," Five children eat around a semi-circular table, with a teacher sitting in the middle. The teacher reaches out to touch the first child on the left side of the semi-circular table The teacher in the middle is still holding down the first child, and t...",761,Normal_Videos080_x264,"In a corridor, a fat teacher came over with a group of students and walked into the classroom In a corridor, a cleaner wearing black clothes appeared with a broom. He put the broom on a yellow cart and then pushed the cart away. In a corridor, a litt...",0.41147705912590027
176,Burglary056_x264,Burglary,"In a crowded room, a man in a white hoodie was rummaging around at a table full of things. Another man wearing the same clothes came in and was looking for items on the table. The new man came in and handed the man in front a laptop. The two continue...",1037,Normal_Videos391_x264,"There is no one in a room, there is a small table and a long table with many computers A black man in white came into the room and walked to the table with a rag. The man began to clean the table. The man arranged the three chairs next to him , man c...",0.4113389551639557
203,Fighting013_x264,Fighting,A short-sleeved man appeared at the door opposite two men in suits doing fighting postures The short-sleeved man and two men in suits waved at each other The man in short sleeves waved a stool to the man in suit The man in suit grabbed the stool and ...,553,Vandalism008_x264,"A man in blue clothes, gray pants and black shoes walked up to a man in white who was leaning on the railing. There are five people standing next to you on the street The man in blue walked to the man in white while shaking his body. Three of the fiv...",0.41122931241989136
195,Fighting005_x264,Fighting,A man on the lower left is communicating with others A white vehicle passed by the door and stopped. Two men in black clothes and masks ran from the door to the right side of the screen. Two men dragged a box out the door A bald man on the left ran o...,592,Normal_Videos_196_x264,There are five men talking to each other in the lower left corner of the screen There is a man in a gray shirt below the screen bending down to pack things. There is a man in a pink shirt among the five men There is a man in a gray shirt below the sc...,0.41077423095703125
354,Robbery020_x264,Robbery,A man wearing a yellow short-sleeved shirt opened the glass door and walked into the house. The man in the yellow short-sleeved shirt opened his wallet and took out the money. Suddenly his money fell to the ground. The man bent down to pick up the mo...,494,Stealing017_x264,"A bald man in green clothes hugged a woman in purple clothes, and then the bald man kissed the woman in purple clothes The two people walked to the front of the black Audi car. The woman in purple pointed in the direction of the camera. A white car s...",0.40980249643325806
393,Robbery059_x264,Robbery,"Three gangsters entered with guns, and the clerk fled quickly. The two gangsters left. A gangster returns and a clerk is threatened.  Several gangsters ransacked the store A gangster controlled the clerk to the ground A gangster wearing a mask left. ...",91,Arson015_x264," Three people wearing hoods came from the stairs to a door. There was a layer of railings in front of the door. A man kept hitting the door lock with an ax, but he didn't open it.  Two more people with hoods came up from the stairs, one carrying a la...",0.4096544682979584
166,Burglary046_x264,Burglary,A man wearing a white shirt and gray suit pushed open the small front hall door on the outside of a small store and held it. Four men wearing baseball caps and black hooded jackets walked into the small front hall. A man took a tool and broke the gla...,560,Vandalism015_x264,"A man in black clothes and a black hat walked to the door of a store with something in his hand. The door of the store was covered with glass. The man in the black hat looked towards the store for a while, then continued to walk along the sidewalk wh...",0.40789586305618286
104,Assault009_x264,Assault,"Two men and a woman were drinking water and chatting at the table. The two people walked in, and a fat man walking behind suddenly punched the man walking in front on the head with his fist. The man who hit the man was dissuaded and pulled away by tw...",553,Vandalism008_x264,"A man in blue clothes, gray pants and black shoes walked up to a man in white who was leaning on the railing. There are five people standing next to you on the street The man in blue walked to the man in white while shaking his body. Three of the fiv...",0.4074016213417053
45,Arrest010_x264,Arrest,A man in black climbed over the security wall. A man in black went to the construction site to observe and then returned. The man in black climbed up to the tower crane's room with the help of surrounding items. Man climbs onto the tower crane. Three...,556,Vandalism011_x264,"Three people were walking on the street. One of them was walking while looking at his mobile phone, and the other was running across the street. A man in black pants pushed three trash cans placed consecutively on the roadside to the ground. Man in b...",0.4072406589984894
154,Burglary034_x264,Burglary,"Two African-American men wearing T-shirts, shorts, and floral scarves entered the room and entered the shop. A man takes some items from the counter, A man ran away quickly holding something. Another man went behind the counter and rummaged around. T...",557,Vandalism012_x264,"Two men in black running on the street A man picked up a black object on the street and threw it into the sky Two men in black running on the street A man runs towards a white trash can The man picked up the trash can with both hands, turned it in a ...",0.4069614112377167
416,Robbery082_x264,Robbery,A man wearing a hood kidnapped another man in white and entered the gate. Two men walked to the back of the car and opened a small door. The two stood in front of the door for a moment. The other two men in white came out and snatched the things in h...,466,Shoplifting019_x264,"A man wearing two hats suddenly took away a box of things on the counter and ran out; a man with a white beard at the counter immediately went to grab it, but didn't get it. The man wearing two hats ran out; taking advantage of the chaos, the man wea...",0.4061753451824188
28,Abuse029_x264,Abuse,"A man in a red shirt and brown trousers walked towards a house, waved and looked inside the house, and squatted beside the door. Pick up a black and brown puppy at the door Hold the dog forward and look back The man strode away holding the dog in his...",786,Normal_Videos106_x264,A man wearing a red shirt and blue jeans walked from the left side of the room to behind the table on the right side of the room A man in a black shirt walked to the table on the left side of the room and placed the black schoolbag he was carrying an...,0.40611422061920166
429,Shooting011_x264,Shooting,"People at the counter are talking to each other A man in white came in from the door The woman in red and the woman in white, Mr. Zhang, chatted with each other Two peeping men came to the door Pointing guns at several ladies Men are taking things fr...",556,Vandalism011_x264,"Three people were walking on the street. One of them was walking while looking at his mobile phone, and the other was running across the street. A man in black pants pushed three trash cans placed consecutively on the roadside to the ground. Man in b...",0.40553081035614014
338,Robbery004_x264,Robbery,A long-haired woman wearing a black and red top at the counter was checking out the customer wearing a blue and green striped hoodie opposite. There is a woman in black standing in line behind the counter. A man wearing a black hat and holding a shot...,466,Shoplifting019_x264,"A man wearing two hats suddenly took away a box of things on the counter and ran out; a man with a white beard at the counter immediately went to grab it, but didn't get it. The man wearing two hats ran out; taking advantage of the chaos, the man wea...",0.40489479899406433
421,Shooting003_x264,Shooting,There are three people standing on the roadside Passing a car Two cars passing by Someone ran away on the roadside Someone rushed over to beat another person The person running over hit someone else Someone ran towards the person who was hit Smoke is...,306,RoadAccidents080_x264,"A white car rushed into a shop on the roadside, smashing the glass of the shop. View from inside the store, a car rushed in, smashed the glass of the room, and there was a fire on the front of the car. Everyone ran to check the car that rushed into t...",0.4043789505958557
181,Burglary061_x264,Burglary,"A small shop with two tables, some things at the front desk, no one A man wearing dark clothing and white gloves walked past the door of the shop. The man smashed the glass door of the shop Man broke into the shop. The man walked inside and came dire...",468,Shoplifting021_x264,"In a store, a male boss took an earring from a box and showed it to a woman The man puts on the earrings for the woman  The woman was satisfied and exposed the ear with the earring for the man to see. The woman then looked at the mirror aside, The wo...",0.40301114320755005
6,Abuse007_x264,Abuse,A man wearing black short-sleeved green shorts walked towards the door at one end of the corridor. A tall and strong man in black uniform walked towards him. This man was tall and strong. The man raised his right hand and slapped the man in shorts. A...,761,Normal_Videos080_x264,"In a corridor, a fat teacher came over with a group of students and walked into the classroom In a corridor, a cleaner wearing black clothes appeared with a broom. He put the broom on a yellow cart and then pushed the cart away. In a corridor, a litt...",0.4018304646015167
205,Fighting015_x264,Fighting,"A man is wiping a wine bottle at the counter A man wearing a hat broke in and threatened with a knife The man resisted and pushed to the shelf A man rushed out from the left, waved a chair and beat the man in the hat The man at the counter suppressed...",494,Stealing017_x264,"A bald man in green clothes hugged a woman in purple clothes, and then the bald man kissed the woman in purple clothes The two people walked to the front of the black Audi car. The woman in purple pointed in the direction of the camera. A white car s...",0.4013863503932953
200,Fighting010_x264,Fighting,Many people stood in front of the store on the street The camera passes over several cars and then shines on the crowd Two men had a quarrel Two men in the center of the screen are communicating at the door of the store Then a woman walked out of the...,553,Vandalism008_x264,"A man in blue clothes, gray pants and black shoes walked up to a man in white who was leaning on the railing. There are five people standing next to you on the street The man in blue walked to the man in white while shaking his body. Three of the fiv...",0.3995508551597595
404,Robbery070_x264,Robbery,"A gangster broke into the store and smashed the glass cabinet with a sledgehammer. The man was followed by three gangsters, and the man knocked a man in front of the counter to the ground. The man with the hammer left, and the remaining three accompl...",553,Vandalism008_x264,"A man in blue clothes, gray pants and black shoes walked up to a man in white who was leaning on the railing. There are five people standing next to you on the street The man in blue walked to the man in white while shaking his body. Three of the fiv...",0.3992137610912323
413,Robbery079_x264,Robbery,"A cashier woman is working and two people are queuing. The cashier wanted to leave, but a man pointed a gun at the cashier. The man and the cashier walked to the cash register. Two customers left. What is the woman doing while standing in front of th...",1009,Normal_Videos362_x264,"The female clerk at the cashier is collecting money, and the customer takes the goods and leaves after paying. The female clerk opened the cash box to store the coins and tore off the receipt The screen turned and two customers left the store one aft...",0.3989427387714386
448,Shooting031_x264,Shooting,A man wearing black pants and a gray shirt walked to an empty seat in the second row of chairs and sat down. He held a small ticket in his right hand and waited for his number to be called. The man wearing a vest and peaked cap leaned on the railing ...,78,Arson001_x264,The door of a white car parked in front of the house opened A woman got off the car from the back door and walked to the door of the house next to her. The woman smashed the door of the house with an ax and then went back into the car and closed the ...,0.3980560302734375
21,Abuse022_x264,Abuse,"A man in white short-sleeves is pushing a wheelchair in the corridor, followed by two men walking The man pushing the wheelchair suddenly raised his hand and hit the person in the wheelchair, and then hit him twice. The direction of the wheelchair al...",720,Normal_Videos026_x264,"In a back kitchen, a man wearing a red shirt and a black vest left the room, and then a man wearing white short sleeves also left the room. A woman wearing white short-sleeves and a red hat walked in. The woman walked to the sink to wash her hands. T...",0.3979228138923645
378,Robbery044_x264,Robbery,"A man wearing a black hat and a black vest threatens the man wearing a white hat behind the counter to withdraw money from the counter The man in the black hat took the money and left, the man at the counter raised his hands...",466,Shoplifting019_x264,"A man wearing two hats suddenly took away a box of things on the counter and ran out; a man with a white beard at the counter immediately went to grab it, but didn't get it. The man wearing two hats ran out; taking advantage of the chaos, the man wea...",0.3978736996650696
49,Arrest014_x264,Arrest,"A man wearing sunglasses walked in, communicated with a seated man and walked away. Many people and vehicles passed by outside the door. A man in black stood at the door. The man in black leaves. Many people wearing green police uniforms came in. A m...",556,Vandalism011_x264,"Three people were walking on the street. One of them was walking while looking at his mobile phone, and the other was running across the street. A man in black pants pushed three trash cans placed consecutively on the roadside to the ground. Man in b...",0.39787304401397705
71,Arrest036_x264,Arrest,A person leaves the room. A man in a gray suit took a few pieces of paper from the table next to him and walked back to a woman in a black coat. A black-haired woman in black clothes is drinking water. A man in police uniform walked aside and then wa...,494,Stealing017_x264,"A bald man in green clothes hugged a woman in purple clothes, and then the bald man kissed the woman in purple clothes The two people walked to the front of the black Audi car. The woman in purple pointed in the direction of the camera. A white car s...",0.3974556624889374
352,Robbery018_x264,Robbery,A man wearing a red short-sleeved shirt at the checkout counter is holding something according to the instructions of the man wearing a red and black shirt opposite. Suddenly a man wearing a white coat broke into the screen. The man wearing a white s...,720,Normal_Videos026_x264,"In a back kitchen, a man wearing a red shirt and a black vest left the room, and then a man wearing white short sleeves also left the room. A woman wearing white short-sleeves and a red hat walked in. The woman walked to the sink to wash her hands. T...",0.3968944847583771
124,Burglary004_x264,Burglary,A car crashed directly into the glass window of the room The car moves backwards and leaves the room A man with an orange hood burst into the room from the right A man with a gray hood broke into the room from above Two men moved the ATM machine outs...,323,RoadAccidents097_x264,"A man, a woman and a child entered a store A car drove up to the door and was smashed. The glass of the store was broken, and a man came out of the store. The man first pointed at the car and spoke, then entered the car The white car slowly reversed,...",0.39639779925346375
431,Shooting013_x264,Shooting,A man walking up the stairs The man is looking around The man took out his gun and shot at the door MAN LEAVE...,774,Normal_Videos093_x264,"A man in black clothes and black pants walked from the inside of the house to the door. Beside the aisle are some desks, chairs and a couch A man wearing a dark blue shirt and blue jeans walked quickly down the stairs enclosed by glass inside the roo...",0.3962315022945404
162,Burglary042_x264,Burglary,"An African-American man wearing a white short-sleeved T-shirt and dark pants sneaked into the living room of the room. The man came to the window and closed the blinds. Two more African men came in, one wearing a red vest and the other wearing a whit...",613,Normal_Videos_251_x264,A black man and an Asian man entered the house one after another An old man in white clothes passed by the door...,0.395877867937088
381,Robbery047_x264,Robbery,"A man followed another man with a gun and entered, aiming at the woman and threatening her. The woman lowers her head to look for the key The woman at the counter opened the counter and handed over the cash The man in white leaves...",468,Shoplifting021_x264,"In a store, a male boss took an earring from a box and showed it to a woman The man puts on the earrings for the woman  The woman was satisfied and exposed the ear with the earring for the man to see. The woman then looked at the mirror aside, The wo...",0.3945995569229126
2,Abuse003_x264,Abuse,"A woman in black short-sleeves pushed an old man in a wheelchair from one end of the corridor to the other. The old man was wearing a long-sleeved top, with a blanket covering his legs, and his head tilted toward his left shoulder. , keep one posture...",761,Normal_Videos080_x264,"In a corridor, a fat teacher came over with a group of students and walked into the classroom In a corridor, a cleaner wearing black clothes appeared with a broom. He put the broom on a yellow cart and then pushed the cart away. In a corridor, a litt...",0.39448899030685425
407,Robbery073_x264,Robbery,"A man in white walked to the counter. A man wearing a turban leaves. The man in white walked to the side and sat down. Another man walked to his side from behind the glass door. The man walked back to the glass door. Two men walked to the counter, an...",494,Stealing017_x264,"A bald man in green clothes hugged a woman in purple clothes, and then the bald man kissed the woman in purple clothes The two people walked to the front of the black Audi car. The woman in purple pointed in the direction of the camera. A white car s...",0.39356160163879395
29,Abuse030_x264,Abuse,"A black puppy walked out from in front of the car on the road The black puppy stopped in place for a while and then walked back for a while. The black puppy is not walking on the sidewalk but on the road  On the right side of the road, a man wearing ...",494,Stealing017_x264,"A bald man in green clothes hugged a woman in purple clothes, and then the bald man kissed the woman in purple clothes The two people walked to the front of the black Audi car. The woman in purple pointed in the direction of the camera. A white car s...",0.39203277230262756
335,Robbery001_x264,Robbery,A man wearing gray short-sleeves and a white helmet is looking around in front of the counter The man looked around at the counter and scratched his arm. A black-haired man wearing blue and white striped short-sleeves walked into the counter. A man w...,494,Stealing017_x264,"A bald man in green clothes hugged a woman in purple clothes, and then the bald man kissed the woman in purple clothes The two people walked to the front of the black Audi car. The woman in purple pointed in the direction of the camera. A white car s...",0.39178720116615295
380,Robbery046_x264,Robbery,A man wearing a helmet stood on the counter with a gun The man wearing a helmet leaves the camera...,478,Shoplifting032_x264,"In a helmet store, two men came in and looked at the helmets one after another. They walked through the products in the middle and walked to some helmets. The man wearing sunglasses turned and walked towards the helmet next to him, and the man wearin...",0.39136144518852234
107,Assault012_x264,Assault,"Two men walking on the road, walking from one side to the other Another man rushed over from a distance, pushed a man to the ground, and then ran away. A man and a woman came over to help check the injury of the man who fell on the ground....",548,Vandalism003_x264,"Two people running on the sidewalk. The person walking in front threw an object upward and caught it One of the people pointed to the white electric car parked on the roadside and tried to push it, but failed. One of the people observed the direction...",0.39121347665786743
197,Fighting007_x264,Fighting, Four men beat one man in the center of the screen The man fainted and fell to the ground The last four men gathered at the bottom right of the screen Several people enter from the right side of the screen A woman went to the left to check the condit...,494,Stealing017_x264,"A bald man in green clothes hugged a woman in purple clothes, and then the bald man kissed the woman in purple clothes The two people walked to the front of the black Audi car. The woman in purple pointed in the direction of the camera. A white car s...",0.39107590913772583
341,Robbery007_x264,Robbery,A man wearing a green shirt enters the room A man in a green shirt pulled out a pistol and pointed it at the two women and one man opposite. The woman on the right turns on the computer The woman on the left opens the cashier The man on the left took...,555,Vandalism010_x264,"A bearded cashier wearing a black shirt took out a package of goods, scanned the barcode and handed it to a bald man wearing sunglasses and a blue shirt. The bald man in a blue shirt Putting cigarette in jacket breast pocket while cashier gives chang...",0.39090895652770996
356,Robbery022_x264,Robbery,A woman in red stands in front of the ATM machine. A man wearing a black coat and a black mask walked into the house with a knife and threatened a woman wearing a red top. The woman turned around and the two started talking. The woman is facing the m...,494,Stealing017_x264,"A bald man in green clothes hugged a woman in purple clothes, and then the bald man kissed the woman in purple clothes The two people walked to the front of the black Audi car. The woman in purple pointed in the direction of the camera. A white car s...",0.3905356526374817
204,Fighting014_x264,Fighting,"A group of people dancing in the screen  Join a man and a woman dancing on the left A man walked to the left and sat down A man and a woman enter the screen, The woman in a vest rushes towards the dancing woman in the screen and slashes her The man t...",494,Stealing017_x264,"A bald man in green clothes hugged a woman in purple clothes, and then the bald man kissed the woman in purple clothes The two people walked to the front of the black Audi car. The woman in purple pointed in the direction of the camera. A white car s...",0.3901806175708771
151,Burglary031_x264,Burglary,"A store with lights on and no one A store with lights on and no one At the door of the small store, someone took a flashlight and kept prying the iron rod on the door, and finally the door was pried open. An African-American man wearing a black hoodi...",1041,Normal_Videos395_x264,"A shop without people, with many things on the shelves at the back....",0.3890318274497986
409,Robbery075_x264,Robbery,"Two robbers entered the house. One person threatened a store clerk with a gun and squatted down, and the other person broke the door and entered the hut. The two men looted the items in the house. The man in the house threatened the clerk, while the ...",466,Shoplifting019_x264,"A man wearing two hats suddenly took away a box of things on the counter and ran out; a man with a white beard at the counter immediately went to grab it, but didn't get it. The man wearing two hats ran out; taking advantage of the chaos, the man wea...",0.3889088034629822
368,Robbery034_x264,Robbery,Several men entered with guns The man in white at the door stood up and looked back The man in white at the door sat down again The man with the gun stood at the door and the others remained motionless. A man wearing a helmet looked around The man wi...,553,Vandalism008_x264,"A man in blue clothes, gray pants and black shoes walked up to a man in white who was leaning on the railing. There are five people standing next to you on the street The man in blue walked to the man in white while shaking his body. Three of the fiv...",0.38663309812545776
34,Abuse035_x264,Abuse,"In a kindergarten, a short-haired kindergarten teacher wearing a red top and green apron pushed a little girl in a blue top and orange bib sitting in the second place with both hands to the ground. A group of children sat looking back on chair A shor...",720,Normal_Videos026_x264,"In a back kitchen, a man wearing a red shirt and a black vest left the room, and then a man wearing white short sleeves also left the room. A woman wearing white short-sleeves and a red hat walked in. The woman walked to the sink to wash her hands. T...",0.3850027620792389
140,Burglary020_x264,Burglary,A man in black broke into a small shop. The man ran behind the counter and opened the drawer The man pulled the drawer next to him but did not open it. The man pushed the counter forward a little distance The man tried to pry a drawer with a tool The...,468,Shoplifting021_x264,"In a store, a male boss took an earring from a box and showed it to a woman The man puts on the earrings for the woman  The woman was satisfied and exposed the ear with the earring for the man to see. The woman then looked at the mirror aside, The wo...",0.38406094908714294
209,Fighting019_x264,Fighting,Several men are playing billiards The man in gray provokes the man in yellow The man in yellow punched and kicked him The man in black on the left stood up and punched the man in black. The man in yellow threw the man in gray down and the man in blac...,554,Vandalism009_x264,A shirtless man wearing jeans walked to the middle of the road and pointed behind him The bare-chested man wearing jeans took a slight approach and kicked the luminous object on the right. Another shirtless man wearing jeans ran out and punched the o...,0.3833252787590027
389,Robbery055_x264,Robbery,"The people on the right got under a glass table. A man in white was gesturing with someone across the table, and then the man also got through the table. People rushed to the left. A man threatens another person with a gun. People left, leaving only ...",466,Shoplifting019_x264,"A man wearing two hats suddenly took away a box of things on the counter and ran out; a man with a white beard at the counter immediately went to grab it, but didn't get it. The man wearing two hats ran out; taking advantage of the chaos, the man wea...",0.3815087080001831
339,Robbery005_x264,Robbery,A man in a blue hoodie suddenly ran into the counter and pointed a gun at the man in red. The man in red walked to the cashier and operated The man in blue raised a gun from time to time to threaten the man in red. The man in red kept handing money t...,454,Shoplifting006_x264,"A woman picked up a large bottle of water, put it down after drinking it, and sat next to it. The man in the blue hat stood up, took the salesman's necklace and started trying it on, glancing at the camera from time to time. A child and three women c...",0.380173921585083
417,Robbery083_x264,Robbery,A man took off his backpack while entering the store. Another man is hovering next to him with a stick. The man with the stick approached the man with the backpack. The man with the stick took a few bottles and left...,474,Shoplifting028_x264,"A man and a woman were looking at the products in the middle of the supermarket shelves, and then the man took something from the corner shelf The man looked at the thing in his hand and then put it down; The woman reached out and took something and ...",0.3792281150817871
9,Abuse010_x264,Abuse,"There are two silver cars driving opposite each other on the road and passing each other. Two puppies ran onto the road, one dog ran across the road, and the other dog was pinned down by a car. The car didn't know it and drove away without stopping. ...",294,RoadAccidents068_x264,"People walking on the road A child was knocked down and crushed by a white car. People walked over and picked up the child. After a blue battery car arrived, people came to the child People put children in cars...",0.3782762885093689
148,Burglary028_x264,Burglary,"Three men stood in front of the window, acting sneaky A man squatted down and looked ahead The squatting man stood up Three men stood in front of the window and said something A man stood in front of the window and came to the camera again Go to the ...",504,Stealing027_x264,Two men in black walked into a car. A man in black with a hat pushed his hat back as he approached the car. Then the man in black in front took out something and started to pry open the car window. The man in black in front looks in the direction of ...,0.37802553176879883
440,Shooting023_x264,Shooting,"A group of people gathered together, walking back and forth Someone shot in the crowd, and the rest fled in panic...",306,RoadAccidents080_x264,"A white car rushed into a shop on the roadside, smashing the glass of the shop. View from inside the store, a car rushed in, smashed the glass of the room, and there was a fire on the front of the car. Everyone ran to check the car that rushed into t...",0.37777647376060486
398,Robbery064_x264,Robbery,"A woman is standing and playing in the corner. A child ran to the woman. A man broke the glass door and got into the store, lying on the ground. A man outside the door raised a gun and shot The man entered the house and shot the man lying on the grou...",78,Arson001_x264,The door of a white car parked in front of the house opened A woman got off the car from the back door and walked to the door of the house next to her. The woman smashed the door of the house with an ax and then went back into the car and closed the ...,0.3773582875728607
342,Robbery008_x264,Robbery,There are two men in hoodies looking around A man in white left for a while and returned The man in white communicates with the man in black Suddenly the two began to fight for things The man in white was suddenly hit on the back of the head from the...,538,Stealing069_x264,The man in the hoodie walked to the white car and looked inside the white car. The man in the hoodie walked to the black car and looked inside the black car. The man in the hoodie leaves...,0.3766588270664215
185,Explosion001_x264,Explosion,"After a burst of light, dust, soil and rocks were waiting in the air....",330,RoadAccidents104_x264,"A green car drove diagonally onto the road, knocked down a tree, and raised a lot of dust The dust slowly dispersed and the picture became clear A woman in white passes by on the road A brown car passed by A woman in white passes by...",0.3751283288002014
147,Burglary027_x264,Burglary,A car broke into the mobile phone store. Two tables were knocked over by a car The phone fell to the ground and broke into pieces A man got out of the car The man took the mobile phone and iPad and put them into the bag. The car drove forward a few m...,568,Vandalism023_x264,"At the end of the road, a person crosses the road and walks along the sidewalk in the direction of the camera. A person is walking on the sidewalk in the direction of the camera The man wearing clothes and hats walked along the sidewalk, and kept tur...",0.3746924102306366
15,Abuse016_x264,Abuse,"A yellow dog ran from the yard to the gate, and lay with its legs on the gate looking out; there was another dog looking at it in the yard; outside the gate A van drove by and a man got out. The big yellow dog lying on the gate ran towards the corner...",494,Stealing017_x264,"A bald man in green clothes hugged a woman in purple clothes, and then the bald man kissed the woman in purple clothes The two people walked to the front of the black Audi car. The woman in purple pointed in the direction of the camera. A white car s...",0.3743480145931244
215,Fighting025_x264,Fighting,A man in a black vest and another man in white short-sleeves had a dispute at the foot of the steps A man retreated and then moved forward to continue talking. The man in white short-sleeved shirt took off his shirt and then a crowd of people swarmed...,556,Vandalism011_x264,"Three people were walking on the street. One of them was walking while looking at his mobile phone, and the other was running across the street. A man in black pants pushed three trash cans placed consecutively on the roadside to the ground. Man in b...",0.37409329414367676
394,Robbery060_x264,Robbery,Three men pointed guns at the person behind the counter.  Several people threatened the man to enter the password to open the cash register.  Several men took out bags and robbed the money in the cash register. A robber stepped forward to check the s...,555,Vandalism010_x264,"A bearded cashier wearing a black shirt took out a package of goods, scanned the barcode and handed it to a bald man wearing sunglasses and a blue shirt. The bald man in a blue shirt Putting cigarette in jacket breast pocket while cashier gives chang...",0.37324151396751404
379,Robbery045_x264,Robbery,A man and a woman are kissing A man on the left was threatened by a man in black and raised his hands Man in black with hat takes money from the cashier The man with the gun took out the money and left the camera The man at the counter packed up the ...,494,Stealing017_x264,"A bald man in green clothes hugged a woman in purple clothes, and then the bald man kissed the woman in purple clothes The two people walked to the front of the black Audi car. The woman in purple pointed in the direction of the camera. A white car s...",0.3725360631942749
24,Abuse025_x264,Abuse,There was a woman wearing white and blue stripes and a purple hat. She held a curling iron and asked a little boy wearing purple clothes to kneel on the ground. She used the curling iron to perm the little boy. The little boy hid aside The little boy...,751,Normal_Videos069_x264,"A young woman wearing blue short-sleeved black sweatpants came towards us, first looked to the left, then to the right, and then approached the table on the right A woman wearing blue short sleeves is leaning over the table A black shadow crossed fro...",0.3689481317996979
346,Robbery012_x264,Robbery,A black-haired man wearing a red shirt sat next to the cash register with his head bowed. The black-haired man in the red shirt looked up into the distance A man wearing a white bandana and a black coat walked into the checkout counter with a gun.  U...,555,Vandalism010_x264,"A bearded cashier wearing a black shirt took out a package of goods, scanned the barcode and handed it to a bald man wearing sunglasses and a blue shirt. The bald man in a blue shirt Putting cigarette in jacket breast pocket while cashier gives chang...",0.36859047412872314
386,Robbery052_x264,Robbery,"Two men ran into the store in small steps. The two men quickly left with the stolen items. Two men opened the door and entered the supermarket. A man walked out with a long object in his hand, followed by another man. A man entered the supermarket wi...",465,Shoplifting018_x264,"A woman and a man were walking in the middle of the supermarket shelves. The woman stopped aside and took a few bags of things and dumped them on the opposite shelf. The man turned, followed by a child The woman put the few bags of things she had tak...",0.3685639202594757
128,Burglary008_x264,Burglary,"Two men were standing next to the glass door of the shop. A man opened the door Another man ran into the shop dragging a rope The car started and ran out while pulling the rope, but the rope broke midway. The rope tripped a red chair The car is retur...",548,Vandalism003_x264,"Two people running on the sidewalk. The person walking in front threw an object upward and caught it One of the people pointed to the white electric car parked on the roadside and tried to push it, but failed. One of the people observed the direction...",0.3678324818611145
158,Burglary038_x264,Burglary,A man in white climbed into the room from the small kitchen window. Another man in black climbed into the room through the small kitchen window. The man in white looked at the table in the middle A man in a white T-shirt flipped through the white sho...,613,Normal_Videos_251_x264,A black man and an Asian man entered the house one after another An old man in white clothes passed by the door...,0.3675701320171356
411,Robbery077_x264,Robbery,"A man walked past the man behind the counter with a gun pointed at him. The man walked back to the counter, pointed the gun at the man behind the counter, and smashed the cashier with the gun. The man behind the counter picked up the phone, but put i...",468,Shoplifting021_x264,"In a store, a male boss took an earring from a box and showed it to a woman The man puts on the earrings for the woman  The woman was satisfied and exposed the ear with the earring for the man to see. The woman then looked at the mirror aside, The wo...",0.3675244152545929
367,Robbery033_x264,Robbery,A man in gray clothes entered the store with a gun The man at the counter left the camera and walked towards the cash register The man at the counter took out a wad of bills and handed them out The man with the gun checked the magazine The man with t...,966,Normal_Videos313_x264,"A lady in gray clothes and a fur coat walked into the store A man wearing glasses, blue shirt and jeans came from the right The clerk in red came over to get something, opened the cash register and gave money to another lady. After the lady in red cl...",0.36695754528045654
369,Robbery035_x264,Robbery,One person is sitting at the table and the other person is communicating and observing in front of the counter A woman wearing a black and white striped shirt walked to the table and put her hand on it The man in the green and white striped shirt loo...,553,Vandalism008_x264,"A man in blue clothes, gray pants and black shoes walked up to a man in white who was leaning on the railing. There are five people standing next to you on the street The man in blue walked to the man in white while shaking his body. Three of the fiv...",0.3661854565143585
412,Robbery078_x264,Robbery,"A man entered the store with a gun and pointed the gun at the man behind the counter. The man behind the counter reached for the gun but failed. Man with gun leaves the store The man with the gun walked away, and the man behind the counter opened the...",494,Stealing017_x264,"A bald man in green clothes hugged a woman in purple clothes, and then the bald man kissed the woman in purple clothes The two people walked to the front of the black Audi car. The woman in purple pointed in the direction of the camera. A white car s...",0.3657078742980957
179,Burglary059_x264,Burglary,An African-American man wearing a black hoodie came to a narrow and crowded aisle. The man took a key from the top of a white microwave oven placed on the table opposite the door. The man turned around and opened the door opposite. The man finally su...,613,Normal_Videos_251_x264,A black man and an Asian man entered the house one after another An old man in white clothes passed by the door...,0.36540141701698303
30,Abuse031_x264,Abuse,There is a red car on the roadside. A middle-aged man wearing a blue shirt and black pants got out of the car. A middle-aged man wearing a blue shirt and black pants picked up a white trousers from the car and walked towards the gate. The middle-aged...,558,Vandalism013_x264,"A man in a gray shirt, a yellow shirt and a blue shirt walked towards the roadside where a Christmas tree and a red object were surrounded by red railings Men in yellow shirts and gray shirts push red objects with their hands The man in the yellow sh...",0.3652215003967285
439,Shooting022_x264,Shooting,"A man in red clothes and red hat stands in the room, looking down at his mobile phone from time to time There are two rows of benches in the room, with four people sitting on the front bench. The man in red walked to the second row of benches and sat...",720,Normal_Videos026_x264,"In a back kitchen, a man wearing a red shirt and a black vest left the room, and then a man wearing white short sleeves also left the room. A woman wearing white short-sleeves and a red hat walked in. The woman walked to the sink to wash her hands. T...",0.3643002510070801
403,Robbery069_x264,Robbery,Three robbers walked to the counter. The robber threatened the person behind the counter with a gun. Three robbers left...,528,Stealing058_x264,A masked man picked the lock in front of the door and gestured to the back Three masked men gathered in front of the car door to pick the lock from the entry shot A man wearing a hat smashed the window and got into the car The remaining masked men en...,0.36387524008750916
202,Fighting012_x264,Fighting,"Two men went out to fight, and one man was knocked to the ground A man in blue went out to observe and then the man in white left the left side of the screen...",554,Vandalism009_x264,A shirtless man wearing jeans walked to the middle of the road and pointed behind him The bare-chested man wearing jeans took a slight approach and kicked the luminous object on the right. Another shirtless man wearing jeans ran out and punched the o...,0.36365941166877747
443,Shooting026_x264,Shooting,"A man in a white shirt walked up from the bottom of the road The man in the white shirt turned around and raised his gun, took two steps forward and then fired. The man in the white shirt walked to the left side of the road, turning back and shooting...",1034,Normal_Videos388_x264,"There are cars passing by on a road from time to time, and there is a sidewalk on the side of the road. A woman in white clothes walked by on the left side of the road The woman crossed the road to the other side. A man in white clothes and a hat was...",0.36334675550460815
150,Burglary030_x264,Burglary,The three of them entered the room and searched everywhere. A person enters a room directly A person first walked to the right and looked around before entering the room A person finally walks towards a room...,640,Normal_Videos_717_x264,A woman in black walked through the center of the hall...,0.3633432984352112
405,Robbery071_x264,Robbery,"A man came over, exchanged something with the man behind the counter, and then put something on the table. While the man behind the counter was not paying attention, the man took out a gun and threatened the man at the counter. The man threatened the...",468,Shoplifting021_x264,"In a store, a male boss took an earring from a box and showed it to a woman The man puts on the earrings for the woman  The woman was satisfied and exposed the ear with the earring for the man to see. The woman then looked at the mirror aside, The wo...",0.36193493008613586
347,Robbery013_x264,Robbery,A man in black wearing a hat and holding a gun walked from the right to the left of the screen in front of the cashier. The man in black returns to the camera The man in black with a gun walked into the cashier. The man in black with a gun guided the...,1064,Normal_Videos420_x264,"There is a large black table in a room, and a man in a blue and gray shirt is counting money. The man unfolded the banknotes in his hand and put them on the table and then picked them up again The man picked up the folded banknotes on the table, unfo...",0.36192649602890015
382,Robbery048_x264,Robbery,A man is looking at the closed glass door at the door A hijacked man and the robber rushed towards the glass door The red and white striped man blocked the door to prevent the two men from entering. The kidnapped man was pulled away by the robbers Th...,454,Shoplifting006_x264,"A woman picked up a large bottle of water, put it down after drinking it, and sat next to it. The man in the blue hat stood up, took the salesman's necklace and started trying it on, glancing at the camera from time to time. A child and three women c...",0.3619137406349182
97,Assault002_x264,Assault,"More than a dozen dark-skinned men filed into an office.  The men came to the innermost desk, gathered around the desk, and had a conflict with a man behind the desk. More men poured into the office and came to the desk inside. Some people held up ch...",494,Stealing017_x264,"A bald man in green clothes hugged a woman in purple clothes, and then the bald man kissed the woman in purple clothes The two people walked to the front of the black Audi car. The woman in purple pointed in the direction of the camera. A white car s...",0.36085259914398193
362,Robbery028_x264,Robbery," Walked in from the door, one black and one white, two men wearing masks. Among them, the man in white raised a gun and said something to the people at the counter. The two looked at the door from time to time The man in black was wandering around th...",494,Stealing017_x264,"A bald man in green clothes hugged a woman in purple clothes, and then the bald man kissed the woman in purple clothes The two people walked to the front of the black Audi car. The woman in purple pointed in the direction of the camera. A white car s...",0.3604755997657776
177,Burglary057_x264,Burglary," An African-American man wearing a green T-shirt, a white scarf wrapped around his head, and a white cloth covering his face stood in a hut with an ATM machine. The man opened the door, Another African-American man wearing a white shirt, a red scarf ...",555,Vandalism010_x264,"A bearded cashier wearing a black shirt took out a package of goods, scanned the barcode and handed it to a bald man wearing sunglasses and a blue shirt. The bald man in a blue shirt Putting cigarette in jacket breast pocket while cashier gives chang...",0.3585105240345001
406,Robbery072_x264,Robbery,"A man walks forward with a bag on his back. A motorcycle drove next to him and stopped. A man got out of the car and walked up to the man to steal his bag and mobile phone, and finally ordered the man to squat in the corner. The man who was robbed st...",486,Stealing009_x264,"A man in black walked from the road to a black motorcycle parked in the yard with one hand in his pocket and the other holding a phone, and then leaned on the motorcycle The man in black sat on the motorcycle and stroked the head of the motorcycle wi...",0.3574022650718689
220,Fighting030_x264,Fighting, Several people were communicating on the right side  Several people left after the exchange A man fell to the ground and got up to fight with another man One person fell to the ground and three people ran away A woman came to check the situation...,686,Normal_Videos_898_x264,Two people are talking The woman in red got up and walked out The man in green got up and walked out Many people walking and stopping in the corridor...,0.35671496391296387
391,Robbery057_x264,Robbery,A man entered the store with a gun and threatened people in the small room inside the store. The man walked to the door of the cabin and his accomplice followed him. A customer entered the store and found that something was wrong and left. Two gangst...,553,Vandalism008_x264,"A man in blue clothes, gray pants and black shoes walked up to a man in white who was leaning on the railing. There are five people standing next to you on the street The man in blue walked to the man in white while shaking his body. Three of the fiv...",0.356289267539978
390,Robbery056_x264,Robbery,Three men broke in and suppressed the security guard with guns. Three men suppressed the security guard and forced him into a corner. A man held a gun to watch the security guard. The security guard walked out and lay down. The man robbed the securit...,528,Stealing058_x264,A masked man picked the lock in front of the door and gestured to the back Three masked men gathered in front of the car door to pick the lock from the entry shot A man wearing a hat smashed the window and got into the car The remaining masked men en...,0.35583752393722534
167,Burglary047_x264,Burglary,"A man punched the glass door of his office and finally opened it. Two men broke into the office. One was wearing a horizontal striped T-shirt and a white hat, and the other was wearing a light-colored hooded jacket, jeans, and glasses. The two came t...",1028,Normal_Videos382_x264,"A man in white walked from the far right to the far left and pressed a button on the wall 2 men walked from the back to the front, rummaging around on the cabinet. A man in orange clothes stepped forward and handed a white envelope to a man in gray c...",0.3550219237804413
359,Robbery025_x264,Robbery,A man wearing a turban and holding a long gun walked into the house and tried to shoot the boss at the counter. The boss stood up and stopped. The counter owner snatched the gun back The three people who ran from the house hugged the man with the tur...,494,Stealing017_x264,"A bald man in green clothes hugged a woman in purple clothes, and then the bald man kissed the woman in purple clothes The two people walked to the front of the black Audi car. The woman in purple pointed in the direction of the camera. A white car s...",0.3542732000350952
155,Burglary035_x264,Burglary,A man wearing a white hoodie and white shorts squatted by the side wall and tried to open the window. The man lay on the window and looked into the room. Finally he opened the window and climbed into the room through the window. A man in a light-colo...,538,Stealing069_x264,The man in the hoodie walked to the white car and looked inside the white car. The man in the hoodie walked to the black car and looked inside the black car. The man in the hoodie leaves...,0.35349440574645996
44,Arrest009_x264,Arrest,The doorman tried to intercept a black man The black man pointed and forced the guard away and entered the door A man in a yellow shirt crosses the road A white car drove up and stopped the man in yellow. The car stopped and 2 police officers got out...,556,Vandalism011_x264,"Three people were walking on the street. One of them was walking while looking at his mobile phone, and the other was running across the street. A man in black pants pushed three trash cans placed consecutively on the roadside to the ground. Man in b...",0.35307979583740234
134,Burglary014_x264,Burglary,The rear of a car was close to the door and drove forward for a distance. The car quickly backed up and hit the door The rear of the car was close to the door and drove forward for a distance. The car quickly backed up and hit the door The rear of th...,522,Stealing051_x264,A white car drove up the road and stopped next to the black car  Two men got out of the car and walked towards the black vehicle parked on the roadside and started to open the door. The man successfully opened the car door and triggered the vehicle's...,0.3512991666793823
447,Shooting030_x264,Shooting,There are four people working in their own positions in the room A man wearing black pants came in. He said a few words to the man on the chair to his right and then left. A man carrying a schoolbag and wearing black short-sleeves walked into the roo...,91,Arson015_x264," Three people wearing hoods came from the stairs to a door. There was a layer of railings in front of the door. A man kept hitting the door lock with an ax, but he didn't open it.  Two more people with hoods came up from the stairs, one carrying a la...",0.35112953186035156
419,Shooting001_x264,Shooting,"There are several people standing at the bar and several people squatting under the bar. A man in white clothes ran across the room A man in white clothes walked into the room, holding a black pistol in his hand Man in white clothes shoots The shooti...",563,Vandalism018_x264,"A man in white walked into the store from the door, and a glass door in the store opened Many people rushed into the store Many people running in the store Many people ran in the opposite direction in the store, and many goods were knocked to the gro...",0.3469689190387726
396,Robbery062_x264,Robbery,"A man with a gun entered the house and pointed at the people inside, followed by a man in yellow. One man threatened to rob with a gun, while another man wandered around and patrolled. Two men snatched several people’s bags, and the gunman closed the...",525,Stealing054_x264,"A car came and stopped at the gas station The driver left the car and went straight to the sales desk Two people walked towards the road and quickly entered the vehicle to look for items. The previous driver rushed over, grabbed the trash can, and th...",0.34662291407585144
223,Fighting033_x264,Fighting,A couple passes by two men A man in blue against the wall greets the couple The couple stopped and looked back to observe The man in blue walked into the aisle while provoking The man in the couple walked towards the man in blue and knocked him down ...,554,Vandalism009_x264,A shirtless man wearing jeans walked to the middle of the road and pointed behind him The bare-chested man wearing jeans took a slight approach and kicked the luminous object on the right. Another shirtless man wearing jeans ran out and punched the o...,0.3458189070224762
133,Burglary013_x264,Burglary, Three men wearing blue coats and blue woolen hats entered a room with two cash machines with tools in hand. A person has been holding the door with his body 3 people opened the cabinet door under the cash machine on the left. 3 people opened the cov...,494,Stealing017_x264,"A bald man in green clothes hugged a woman in purple clothes, and then the bald man kissed the woman in purple clothes The two people walked to the front of the black Audi car. The woman in purple pointed in the direction of the camera. A white car s...",0.34509173035621643
401,Robbery067_x264,Robbery,"A woman was behind the counter and a man wandered into the store. The woman stood up. The man wandered over to the woman, put something into his pocket, and then gave the woman a backhand punch. The woman was knocked to the ground, and the man ran be...",468,Shoplifting021_x264,"In a store, a male boss took an earring from a box and showed it to a woman The man puts on the earrings for the woman  The woman was satisfied and exposed the ear with the earring for the man to see. The woman then looked at the mirror aside, The wo...",0.34369412064552307
402,Robbery068_x264,Robbery,"A man in black walked to the shelf. The glass door opened, and the man in plaid shirt walked to the glass door. A mop stretched out from the room to prevent the man from approaching. The man fought with the mop with a knife, then gave up and walked a...",554,Vandalism009_x264,A shirtless man wearing jeans walked to the middle of the road and pointed behind him The bare-chested man wearing jeans took a slight approach and kicked the luminous object on the right. Another shirtless man wearing jeans ran out and punched the o...,0.34309327602386475
224,Fighting034_x264,Fighting,A bus leaves The two people got out of the car A person opens the rearview mirror The two left next to the car The driver in white clothes got out of the car and straightened the rearview mirror The driver gets in the car The two men twisted the rear...,518,Stealing047_x264,A man in white clothes walked past a white car and walked into a building The man put the black cloth in his hand on the rearview mirror of the white car and started to press it The man removed the rearview mirror and ran away...,0.3419390022754669
126,Burglary006_x264,Burglary,A man in white climbed into the room from the door The man crawled and looked around The man is rummaging around for something. The man stood up The man is rummaging around for something. The man glanced towards the door The man was holding a pile of...,703,Normal_Videos_923_x264,There is a man looking for something nearby...,0.3412525951862335
199,Fighting009_x264,Fighting,"A few people jumped and danced, and a row of people on the right drank and chatted. A man in a shirt continues to provoke another man A man in a shirt walked to the center of the screen and shook another man, causing him to fall. Another man pushed t...",575,Vandalism030_x264,"Two people wearing down jackets ran from the road to the sidewalk. The person running in front kicked the black trash can placed on the roadside, and then the person running behind grabbed the person in front. After a few pushes, they started pushing...",0.34049925208091736
227,Fighting037_x264,Fighting,A car stopped at the door The co-pilot man got out of the car The co-pilot man walked away while talking to a man The main driver gets out of the car The man walked up to the main driver and communicated with him The man walked around the car and wal...,236,RoadAccidents008_x264,A white car hit a gray car parked on the roadside A woman in white clothes in the front seat of a gray car was hit and hung on the window A man in white clothes climbed out of the rear window of a gray car The man climbed out and took down the woman ...,0.3394032120704651
125,Burglary005_x264,Burglary,An African-American man wearing a white T-shirt came to a glass door with a mobile phone The African-American man’s right hand keeps knocking on the door. The man took out his mobile phone and started making calls. The man knocked on the door from ti...,481,Stealing003_x264,"A man in black walked into a parking lot with many cars parked, and then walked behind a black car. Another man lingers at the silver vehicle at the entrance to the parking lot The man in black walked to the black car, opened the door, sat in, and th...",0.3392181098461151
117,Assault023_x264,Assault,Four men stood on the roadside talking. Suddenly a man knocked down another man....,554,Vandalism009_x264,A shirtless man wearing jeans walked to the middle of the road and pointed behind him The bare-chested man wearing jeans took a slight approach and kicked the luminous object on the right. Another shirtless man wearing jeans ran out and punched the o...,0.33721187710762024
350,Robbery016_x264,Robbery,"A man wearing a helmet walked into the supermarket, and the man in the pink helmet stood in front of the counter. The man in the yellow helmet is behind him. The man in the yellow helmet left the counter. Two clerks wearing green shirts seemed to be ...",478,Shoplifting032_x264,"In a helmet store, two men came in and looked at the helmets one after another. They walked through the products in the middle and walked to some helmets. The man wearing sunglasses turned and walked towards the helmet next to him, and the man wearin...",0.3370664417743683
127,Burglary007_x264,Burglary,"Two men stood in front of the shop, A white truck backed up and parked next to the glass door of the store. A man pried open the glass door A man tied up a cash machine with a rope The car starts and drags the cash machine away The two men also fled ...",518,Stealing047_x264,A man in white clothes walked past a white car and walked into a building The man put the black cloth in his hand on the rearview mirror of the white car and started to press it The man removed the rearview mirror and ran away...,0.33598828315734863
435,Shooting018_x264,Shooting,The man in white walked away carrying something A hooded man walks in A man pulled out a gun and shot at a hooded man Hooded man lying on the ground The man in green looks at the person lying on the ground...,538,Stealing069_x264,The man in the hoodie walked to the white car and looked inside the white car. The man in the hoodie walked to the black car and looked inside the black car. The man in the hoodie leaves...,0.3327527940273285
446,Shooting029_x264,Shooting,"At night, a car with a white body drove into the parking space A man wearing a hat and a plaid shirt walked to the yellow line and directed the car coming in front. A person got out of the car A man pointed a gun at the person in front of the white c...",503,Stealing026_x264,"A person with his face completely covered took something from his jacket pocket while approaching a white car, and then pried open the back door of the white car The masked man broke the rear window of the white car with his elbow, then reached in an...",0.3295935392379761
32,Abuse033_x264,Abuse,There are two people in a smaller room. One is a nanny wearing a yellow and purple gown. She is fatter and has darker skin. The other is wearing a pink vest and white The old woman in trousers had pale hair and was older. She was standing beside the ...,494,Stealing017_x264,"A bald man in green clothes hugged a woman in purple clothes, and then the bald man kissed the woman in purple clothes The two people walked to the front of the black Audi car. The woman in purple pointed in the direction of the camera. A white car s...",0.3289296627044678
434,Shooting017_x264,Shooting,A man in white sits down A man in white came to pack things There was a gunshot Everyone lies on the ground...,643,Normal_Videos_745_x264,Five men bowling A man in white sat down in the rest area...,0.3226926326751709
129,Burglary009_x264,Burglary,The two broke into the shop from outside the door and moved the freezer next to the window The two of them moved the freezer by the window Another man in black ran in from outside the door. Work with two people to move the furniture and items next to...,560,Vandalism015_x264,"A man in black clothes and a black hat walked to the door of a store with something in his hand. The door of the store was covered with glass. The man in the black hat looked towards the store for a while, then continued to walk along the sidewalk wh...",0.32193830609321594
375,Robbery041_x264,Robbery,A man entered with a gun and held a man hostage and walked to the cabinet. Another man with short hair enters The man with the short hair tidies up the cabinet The man who was robbed was threatened and lay on the ground The man with the short hair is...,494,Stealing017_x264,"A bald man in green clothes hugged a woman in purple clothes, and then the bald man kissed the woman in purple clothes The two people walked to the front of the black Audi car. The woman in purple pointed in the direction of the camera. A white car s...",0.3202785849571228
388,Robbery054_x264,Robbery,Several thugs entered the store and ordered a female clerk to get goods for him. The thug took the key handed over by another clerk. The man walked to the female clerk in white and opened the drawer The gangster leaves...,467,Shoplifting020_x264,"The picture shows a shop. The boss is a long-haired woman wearing a pink T-shirt and a white skirt. There are two customers in the shop who are buying things. A customer wearing an orange top walked into the store to buy something, so the number of c...",0.3167237639427185
196,Fighting006_x264,Fighting,A man in white and a woman in black sit in the center of the screen A man in black goes straight to the man in white in the middle of the screen The two of them struggled to the ground The woman in black was brought to the ground. A woman in a skirt ...,581,Normal_Videos_018_x264,"There are multiple people dressed in black walking side by side from right to left in the center of the screen In the lower left corner of the screen, a female cleaner in a brown suit removed the blue fence on the left The female cleaner dismantled a...",0.3122691512107849
161,Burglary041_x264,Burglary,"An African-American boy wearing a brown shirt, purple shorts, and a white scarf on his head came to the counter.  and climbed over the glass barrier above the counter to enter the desk inside. The man held an awl in his left hand and opened the leftm...",468,Shoplifting021_x264,"In a store, a male boss took an earring from a box and showed it to a woman The man puts on the earrings for the woman  The woman was satisfied and exposed the ear with the earring for the man to see. The woman then looked at the mirror aside, The wo...",0.31187203526496887
211,Fighting021_x264,Fighting,A car was parked on the roadside and then a car came. A gray car drove to the middle of the road and stopped There is also a gray car coming from the opposite direction and stopped below. The gray car reversed and stopped A man in gray clothes walked...,481,Stealing003_x264,"A man in black walked into a parking lot with many cars parked, and then walked behind a black car. Another man lingers at the silver vehicle at the entrance to the parking lot The man in black walked to the black car, opened the door, sat in, and th...",0.3110779821872711
383,Robbery049_x264,Robbery,Three men walked in A woman pulled out a weapon while checking out A man jumped into the counter and took away the cash Two men stood outside and the man inside jumped out...,468,Shoplifting021_x264,"In a store, a male boss took an earring from a box and showed it to a woman The man puts on the earrings for the woman  The woman was satisfied and exposed the ear with the earring for the man to see. The woman then looked at the mirror aside, The wo...",0.3109729588031769
157,Burglary037_x264,Burglary,"An African-American man wearing a white coat entered the room and jumped behind the bar. Another African-American man wearing a white shirt entered the room, stood in front of the bar and urged the man inside. The man inside took out five bottles of ...",555,Vandalism010_x264,"A bearded cashier wearing a black shirt took out a package of goods, scanned the barcode and handed it to a bald man wearing sunglasses and a blue shirt. The bald man in a blue shirt Putting cigarette in jacket breast pocket while cashier gives chang...",0.30853503942489624
442,Shooting025_x264,Shooting,A woman points a gun at a man The woman killed the man...,78,Arson001_x264,The door of a white car parked in front of the house opened A woman got off the car from the back door and walked to the door of the house next to her. The woman smashed the door of the house with an ax and then went back into the car and closed the ...,0.30802738666534424
137,Burglary017_x264,Burglary,A man walked into the room and jumped on the counter. The man sat on the counter and reached out to open the small cabinet inside the counter The man sat on the counter and reached out to close the drawer The man came down from the counter The man to...,992,Normal_Videos342_x264,"A man is reading a book in an office, and a man puts two bags of items on the table in front of him The man pulled the yellow item out of a bag of items. The man reading looked at the standing man, and then the standing man gave the yellow item to th...",0.3053724765777588
387,Robbery053_x264,Robbery,A man holding a white box encountered a gunman. The gangster threatened the man and handed him the bag. Then he pointed a gun at the man and left....,466,Shoplifting019_x264,"A man wearing two hats suddenly took away a box of things on the counter and ran out; a man with a white beard at the counter immediately went to grab it, but didn't get it. The man wearing two hats ran out; taking advantage of the chaos, the man wea...",0.3041766285896301
171,Burglary051_x264,Burglary, Three African-American men appeared in the room and quickly searched for target items everywhere. Two of them were wearing red and blue T-shirts. The man in a red T-shirt lifted the TV The man left the room. The man in a light-colored T-shirt moved ...,1074,Normal_Videos433_x264,"A man in a black shirt and brown pants walks from the left side of the screen to the right side A man in white in the lower left corner moved a wooden shelf In the video outside a container, there are men in black clothes walking, red clothes, green ...",0.3036758005619049
152,Burglary032_x264,Burglary,"A man wearing a white hooded jacket jumped out of the window and entered a room with multiple desks and cabinets. The man walked straight inside to the cabinet in the corner, then turned around and stopped at the desk next to him, squatting next to t...",1037,Normal_Videos391_x264,"There is no one in a room, there is a small table and a long table with many computers A black man in white came into the room and walked to the table with a rag. The man began to clean the table. The man arranged the three chairs next to him , man c...",0.3029928207397461
66,Arrest031_x264,Arrest,A man in white walked past the road. A man in white clothes carrying a bag walked into a store and came to the counter to talk to a seated clerk. Another clerk was walking back and forth. A man in black walked into the door and stood in front of the ...,494,Stealing017_x264,"A bald man in green clothes hugged a woman in purple clothes, and then the bald man kissed the woman in purple clothes The two people walked to the front of the black Audi car. The woman in purple pointed in the direction of the camera. A white car s...",0.2988855242729187
168,Burglary048_x264,Burglary,"A tall white man wearing a thick jacket, black trousers and a black hood entered a room. The man looked around while walking,  Then walked to the TV and squatted down to start disassembling the TV. Another man wearing a light-colored T-shirt and a bl...",737,Normal_Videos049_x264,"A man wearing black glasses and a black hooded jacket pushed the glasses with his index finger, put his hand into his pocket, and shook his head A man wearing black glasses and a black hooded jacket looked forward, opened his mouth and said a few wor...",0.29847195744514465
145,Burglary025_x264,Burglary,An African-American man came in from the door and passed through the room to the inside. The man was lying on the ground looking around the TV cabinet. The man wandered the room and looked around the sofa. The man left the room. The man entered the r...,495,Stealing018_x264,"A man in a plaid shirt ran to a black jeep parked on the side of the road and started to pry the door The man in the plaid shirt dropped his tools on the ground, and the man bent down to pick them up. After picking it up, continue to pry the door of ...",0.2967412769794464
139,Burglary019_x264,Burglary,"A man wearing a baseball cap reached in from the window The man pried loose the metal drawer under the desk where the computer monitor was placed and pulled it out completely. The man tried to take out the drawer from the window, but the window was t...",495,Stealing018_x264,"A man in a plaid shirt ran to a black jeep parked on the side of the road and started to pry the door The man in the plaid shirt dropped his tools on the ground, and the man bent down to pick them up. After picking it up, continue to pry the door of ...",0.29665619134902954
337,Robbery003_x264,Robbery,A man wearing a hat and a black and white plaid shirt was leaning over the counter and groping for something. The man took out a black pistol and pointed it at the man in black at the opposite counter. The man at the counter turned around The man wit...,525,Stealing054_x264,"A car came and stopped at the gas station The driver left the car and went straight to the sales desk Two people walked towards the road and quickly entered the vehicle to look for items. The previous driver rushed over, grabbed the trash can, and th...",0.2735026478767395
132,Burglary012_x264,Burglary,Three men pulled down their guns in front of the wall of a room The man pulls the gun on the wall with his hand The man pulled down the gun tied to the wall A bunch of guns were pulled to the ground The man pulled the gun from a rope The man held the...,91,Arson015_x264," Three people wearing hoods came from the stairs to a door. There was a layer of railings in front of the door. A man kept hitting the door lock with an ax, but he didn't open it.  Two more people with hoods came up from the stairs, one carrying a la...",0.24088317155838013
